row_id,payment_id,settlement_id,amount_paise,fee_paise,tax_paise,captured_at,ingested_at
pay-000001,pay_1000100,S-10001,557684,11154,2008,2026-08-01T03:45:00Z,2026-08-02T11:53:00Z
pay-000002,pay_1000101,S-10001,2497105,49942,8990,2026-08-01T02:45:00Z,2026-08-02T11:53:00Z
pay-000003,pay_1000102,S-10001,2211383,44228,7961,2026-07-31T19:45:00Z,2026-08-02T11:53:00Z
pay-000004,pay_1000103,S-10001,1507843,30157,5428,2026-08-01T07:45:00Z,2026-08-02T11:53:00Z
pay-000005,pay_1000104,S-10001,117234,2345,422,2026-08-02T04:45:00Z,2026-08-02T11:53:00Z
pay-000006,pay_1000105,S-10001,1132731,22655,4078,2026-07-31T09:45:00Z,2026-08-02T11:53:00Z
pay-000007,pay_1000106,S-10001,470856,9417,1695,2026-08-02T00:45:00Z,2026-08-02T11:53:00Z
pay-000008,pay_1000107,S-10001,1536095,30722,5530,2026-07-31T07:45:00Z,2026-08-02T11:53:00Z
pay-000009,pay_1000200,S-10002,1354052,27081,4875,2026-08-03T01:34:00Z,2026-08-03T11:47:00Z
pay-000010,pay_1000201,S-10002,1210790,24216,4359,2026-08-02T03:34:00Z,2026-08-03T11:47:00Z
pay-000011,pay_1000202,S-10002,865261,17305,3115,2026-08-02T08:34:00Z,2026-08-03T11:47:00Z
pay-000012,pay_1000203,S-10002,1894568,37891,6820,2026-08-03T06:34:00Z,2026-08-03T11:47:00Z
pay-000013,pay_1000204,S-10002,1242375,24848,4473,2026-08-02T04:34:00Z,2026-08-03T11:47:00Z
pay-000014,pay_1000300,S-10003,1176858,23537,4237,2026-08-02T21:15:00Z,2026-08-04T13:21:00Z
pay-000015,pay_1000301,S-10003,664694,13294,2393,2026-08-02T08:15:00Z,2026-08-04T13:21:00Z
pay-000016,pay_1000302,S-10003,2134116,42682,7683,2026-08-02T19:15:00Z,2026-08-04T13:21:00Z
pay-000017,pay_1000303,S-10003,1088371,21767,3918,2026-08-04T00:15:00Z,2026-08-04T13:21:00Z
pay-000018,pay_1000304,S-10003,1894027,37881,6819,2026-08-02T11:15:00Z,2026-08-04T13:21:00Z
pay-000019,pay_1000305,S-10003,893739,17875,3218,2026-08-04T03:15:00Z,2026-08-04T13:21:00Z
pay-000020,pay_1000306,S-10003,1414149,28283,5091,2026-08-04T03:15:00Z,2026-08-04T13:21:00Z
pay-000021,pay_1000307,S-10003,2093634,41873,7537,2026-08-03T17:15:00Z,2026-08-04T13:21:00Z
pay-000022,pay_1000308,S-10003,944586,18892,3401,2026-08-03T13:15:00Z,2026-08-04T13:21:00Z
pay-000023,pay_1000400,S-10004,1377200,27544,4958,2026-08-04T20:07:00Z,2026-08-05T10:14:00Z
pay-000024,pay_1000401,S-10004,2092748,41855,7534,2026-08-04T07:07:00Z,2026-08-05T10:14:00Z
pay-000025,pay_1000402,S-10004,839470,16789,3022,2026-08-04T05:07:00Z,2026-08-05T10:14:00Z
pay-000026,pay_1000403,S-10004,1618446,32369,5826,2026-08-04T09:07:00Z,2026-08-05T10:14:00Z
pay-000027,pay_1000500,S-10005,903389,18068,3252,2026-08-05T23:27:00Z,2026-08-06T09:19:00Z
pay-000028,pay_1000501,S-10005,1816696,36334,6540,2026-08-05T14:27:00Z,2026-08-06T09:19:00Z
pay-000029,pay_1000502,S-10005,1995480,39910,7184,2026-08-04T19:27:00Z,2026-08-06T09:19:00Z
pay-000030,pay_1000503,S-10005,312860,6257,1126,2026-08-05T18:27:00Z,2026-08-06T09:19:00Z
pay-000031,pay_1000504,S-10005,706403,14128,2543,2026-08-05T08:27:00Z,2026-08-06T09:19:00Z
pay-000032,pay_1000505,S-10005,372889,7458,1342,2026-08-05T04:27:00Z,2026-08-06T09:19:00Z
pay-000033,pay_1000506,S-10005,1481076,29622,5332,2026-08-04T14:27:00Z,2026-08-06T09:19:00Z
pay-000034,pay_1000507,S-10005,1846465,36929,6647,2026-08-06T03:27:00Z,2026-08-06T09:19:00Z
pay-000035,pay_1000508,S-10005,1001065,20021,3604,2026-08-05T22:27:00Z,2026-08-06T09:19:00Z
pay-000036,pay_1000600,S-10006,320367,6407,1153,2026-08-07T09:07:00Z,2026-08-07T17:37:00Z
pay-000037,pay_1000601,S-10006,1266608,25332,4560,2026-08-07T03:07:00Z,2026-08-07T17:37:00Z
pay-000038,pay_1000602,S-10006,278196,5564,1002,2026-08-06T04:07:00Z,2026-08-07T17:37:00Z
pay-000039,pay_1000700,S-10007,703167,14063,2531,2026-08-08T07:51:00Z,2026-08-09T01:28:00Z
pay-000040,pay_1000701,S-10007,2477216,49544,8918,2026-08-07T10:51:00Z,2026-08-09T01:28:00Z
pay-000041,pay_1000702,S-10007,1102941,22059,3971,2026-08-07T13:51:00Z,2026-08-09T01:28:00Z
pay-000042,pay_1000703,S-10007,2397737,47955,8632,2026-08-07T18:51:00Z,2026-08-09T01:28:00Z
pay-000043,pay_1000800,S-10008,508332,10167,1830,2026-08-08T22:12:00Z,2026-08-09T08:33:00Z
pay-000044,pay_1000801,S-10008,2195548,43911,7904,2026-08-07T22:12:00Z,2026-08-09T08:33:00Z
pay-000045,pay_1000802,S-10008,1303575,26072,4693,2026-08-08T22:12:00Z,2026-08-09T08:33:00Z
pay-000046,pay_1000900,S-10009,586344,11727,2111,2026-08-09T14:42:00Z,2026-08-11T04:46:00Z
pay-000047,pay_1000901,S-10009,1344705,26894,4841,2026-08-09T08:42:00Z,2026-08-11T04:46:00Z
pay-000048,pay_1000902,S-10009,1240938,24819,4467,2026-08-09T16:42:00Z,2026-08-11T04:46:00Z
pay-000049,pay_1000903,S-10009,1307779,26156,4708,2026-08-10T08:42:00Z,2026-08-11T04:46:00Z
pay-000050,pay_1000904,S-10009,625656,12513,2252,2026-08-10T07:42:00Z,2026-08-11T04:46:00Z
pay-000051,pay_1000905,S-10009,606993,12140,2185,2026-08-10T16:42:00Z,2026-08-11T04:46:00Z
pay-000052,pay_1000906,S-10009,1959935,39199,7056,2026-08-09T03:42:00Z,2026-08-11T04:46:00Z
pay-000053,pay_1001000,S-10010,675094,13502,2430,2026-08-10T13:56:00Z,2026-08-12T04:48:00Z
pay-000054,pay_1001001,S-10010,2418840,48377,8708,2026-08-11T00:56:00Z,2026-08-12T04:48:00Z
pay-000055,pay_1001002,S-10010,2120750,42415,7635,2026-08-10T13:56:00Z,2026-08-12T04:48:00Z
pay-000056,pay_1001003,S-10010,1717144,34343,6182,2026-08-11T00:56:00Z,2026-08-12T04:48:00Z
pay-000057,pay_1001004,S-10010,652001,13040,2347,2026-08-11T16:56:00Z,2026-08-12T04:48:00Z
pay-000058,pay_1001005,S-10010,1813003,36260,6527,2026-08-10T05:56:00Z,2026-08-12T04:48:00Z
pay-000059,pay_1001006,S-10010,846711,16934,3048,2026-08-10T14:56:00Z,2026-08-12T04:48:00Z
pay-000060,pay_1001100,S-10011,1077253,21545,3878,2026-08-11T07:41:00Z,2026-08-13T16:22:00Z
pay-000061,pay_1001101,S-10011,1447742,28955,5212,2026-08-11T04:41:00Z,2026-08-13T16:22:00Z
pay-000062,pay_1001102,S-10011,1140799,22816,4107,2026-08-10T20:41:00Z,2026-08-13T16:22:00Z
pay-000063,pay_1001103,S-10011,534683,10694,1925,2026-08-10T11:41:00Z,2026-08-13T16:22:00Z
pay-000064,pay_1001104,S-10011,2488767,49775,8960,2026-08-11T04:41:00Z,2026-08-13T16:22:00Z
pay-000065,pay_1001105,S-10011,2266437,45329,8159,2026-08-10T19:41:00Z,2026-08-13T16:22:00Z
pay-000066,pay_1001106,S-10011,1045190,20904,3763,2026-08-11T07:41:00Z,2026-08-13T16:22:00Z
pay-000067,pay_1001107,S-10011,1418337,28367,5106,2026-08-11T11:41:00Z,2026-08-13T16:22:00Z
pay-000068,pay_1001108,S-10011,2182988,43660,7859,2026-08-11T05:41:00Z,2026-08-13T16:22:00Z
pay-000069,pay_1001109,S-10011,54624,1092,197,2026-08-11T04:41:00Z,2026-08-13T16:22:00Z
pay-000070,pay_1001110,S-10011,838156,16763,3017,2026-08-11T22:41:00Z,2026-08-13T16:22:00Z
pay-000071,pay_1001111,S-10011,150507,3010,542,2026-08-11T08:41:00Z,2026-08-13T16:22:00Z
pay-000072,pay_1001200,S-10012,2135046,42701,7686,2026-08-11T06:45:00Z,2026-08-13T09:22:00Z
pay-000073,pay_1001201,S-10012,1251459,25029,4505,2026-08-11T22:45:00Z,2026-08-13T09:22:00Z
pay-000074,pay_1001202,S-10012,854840,17097,3077,2026-08-11T22:45:00Z,2026-08-13T09:22:00Z
pay-000075,pay_1001203,S-10012,1514373,30287,5452,2026-08-11T15:45:00Z,2026-08-13T09:22:00Z
pay-000076,pay_1001204,S-10012,97604,1952,351,2026-08-11T11:45:00Z,2026-08-13T09:22:00Z
pay-000077,pay_1001205,S-10012,2227382,44548,8019,2026-08-11T15:45:00Z,2026-08-13T09:22:00Z
pay-000078,pay_1001206,S-10012,2225116,44502,8010,2026-08-12T16:45:00Z,2026-08-13T09:22:00Z
pay-000079,pay_1001207,S-10012,991232,19825,3568,2026-08-11T05:45:00Z,2026-08-13T09:22:00Z
pay-000080,pay_1001208,S-10012,1787698,35754,6436,2026-08-11T05:45:00Z,2026-08-13T09:22:00Z
pay-000081,pay_1001209,S-10012,1667020,33340,6001,2026-08-12T02:45:00Z,2026-08-13T09:22:00Z
pay-000082,pay_1001300,S-10013,157884,3158,568,2026-08-13T09:49:00Z,2026-08-14T12:58:00Z
pay-000083,pay_1001301,S-10013,311945,6239,1123,2026-08-13T03:49:00Z,2026-08-14T12:58:00Z
pay-000084,pay_1001302,S-10013,502188,10044,1808,2026-08-13T02:49:00Z,2026-08-14T12:58:00Z
pay-000085,pay_1001303,S-10013,1483853,29677,5342,2026-08-12T22:49:00Z,2026-08-14T12:58:00Z
pay-000086,pay_1001304,S-10013,2358403,47168,8490,2026-08-12T12:49:00Z,2026-08-14T12:58:00Z
pay-000087,pay_1001305,S-10013,1536759,30735,5532,2026-08-12T16:49:00Z,2026-08-14T12:58:00Z
pay-000088,pay_1001306,S-10013,458729,9175,1652,2026-08-14T00:49:00Z,2026-08-14T12:58:00Z
pay-000089,pay_1001307,S-10013,1776043,35521,6394,2026-08-12T23:49:00Z,2026-08-14T12:58:00Z
pay-000090,pay_1001308,S-10013,1484891,29698,5346,2026-08-12T12:49:00Z,2026-08-14T12:58:00Z
pay-000091,pay_1001309,S-10013,2106253,42125,7582,2026-08-13T03:49:00Z,2026-08-14T12:58:00Z
pay-000092,pay_1001310,S-10013,2463869,49277,8870,2026-08-12T19:49:00Z,2026-08-14T12:58:00Z
pay-000093,pay_1001311,S-10013,501917,10038,1807,2026-08-13T17:49:00Z,2026-08-14T12:58:00Z
pay-000094,pay_1001400,S-10014,2160442,43209,7778,2026-08-13T08:00:00Z,2026-08-15T06:38:00Z
pay-000095,pay_1001401,S-10014,2105766,42115,7581,2026-08-13T17:00:00Z,2026-08-15T06:38:00Z
pay-000096,pay_1001402,S-10014,2380559,47611,8570,2026-08-13T11:00:00Z,2026-08-15T06:38:00Z
pay-000097,pay_1001403,S-10014,909610,18192,3275,2026-08-14T14:00:00Z,2026-08-15T06:38:00Z
pay-000098,pay_1001404,S-10014,734159,14683,2643,2026-08-14T06:00:00Z,2026-08-15T06:38:00Z
pay-000099,pay_1001405,S-10014,964474,19289,3472,2026-08-14T21:00:00Z,2026-08-15T06:38:00Z
pay-000100,pay_1001406,S-10014,844947,16899,3042,2026-08-14T09:00:00Z,2026-08-15T06:38:00Z
pay-000101,pay_1001500,S-10015,1143111,22862,4115,2026-07-31T22:02:00Z,2026-08-02T14:36:00Z
pay-000102,pay_1001501,S-10015,1718658,34373,6187,2026-07-31T22:02:00Z,2026-08-02T14:36:00Z
pay-000103,pay_1001502,S-10015,1870221,37404,6733,2026-08-02T08:02:00Z,2026-08-02T14:36:00Z
pay-000104,pay_1001503,S-10015,1987532,39751,7155,2026-07-31T22:02:00Z,2026-08-02T14:36:00Z
pay-000105,pay_1001504,S-10015,2303630,46073,8293,2026-08-01T10:02:00Z,2026-08-02T14:36:00Z
pay-000106,pay_1001505,S-10015,230527,4611,830,2026-08-01T02:02:00Z,2026-08-02T14:36:00Z
pay-000107,pay_1001506,S-10015,314428,6289,1132,2026-08-01T22:02:00Z,2026-08-02T14:36:00Z
pay-000108,pay_1001507,S-10015,1688192,33764,6078,2026-08-01T15:02:00Z,2026-08-02T14:36:00Z
pay-000109,pay_1001508,S-10015,699792,13996,2519,2026-07-31T17:02:00Z,2026-08-02T14:36:00Z
pay-000110,pay_1001509,S-10015,380218,7604,1369,2026-08-02T05:02:00Z,2026-08-02T14:36:00Z
pay-000111,pay_1001600,S-10016,1917287,38346,6902,2026-08-17T04:30:00Z,2026-08-17T18:03:00Z
pay-000112,pay_1001601,S-10016,878005,17560,3161,2026-08-16T15:30:00Z,2026-08-17T18:03:00Z
pay-000113,pay_1001602,S-10016,2385972,47719,8589,2026-08-16T22:30:00Z,2026-08-17T18:03:00Z
pay-000114,pay_1001603,S-10016,1324691,26494,4769,2026-08-16T03:30:00Z,2026-08-17T18:03:00Z
pay-000115,pay_1001604,S-10016,1596070,31921,5746,2026-08-17T12:30:00Z,2026-08-17T18:03:00Z
pay-000116,pay_1001605,S-10016,692200,13844,2492,2026-08-16T05:30:00Z,2026-08-17T18:03:00Z
pay-000117,pay_1001700,S-10017,2402540,48051,8649,2026-08-17T11:01:00Z,2026-08-18T22:15:00Z
pay-000118,pay_1001701,S-10017,856585,17132,3084,2026-08-18T04:01:00Z,2026-08-18T22:15:00Z
pay-000119,pay_1001702,S-10017,736841,14737,2653,2026-08-18T13:01:00Z,2026-08-18T22:15:00Z
pay-000120,pay_1001703,S-10017,2184868,43697,7865,2026-08-18T04:01:00Z,2026-08-18T22:15:00Z
pay-000121,pay_1001704,S-10017,2329826,46597,8387,2026-08-18T08:01:00Z,2026-08-18T22:15:00Z
pay-000122,pay_1001800,S-10018,325881,6518,1173,2026-08-18T15:14:00Z,2026-08-19T17:23:00Z
pay-000123,pay_1001801,S-10018,707767,14155,2548,2026-08-18T07:14:00Z,2026-08-19T17:23:00Z
pay-000124,pay_1001802,S-10018,337679,6754,1216,2026-08-17T23:14:00Z,2026-08-19T17:23:00Z
pay-000125,pay_1001803,S-10018,2402917,48058,8650,2026-08-19T02:14:00Z,2026-08-19T17:23:00Z
pay-000126,pay_1001804,S-10018,2288391,45768,8238,2026-08-18T13:14:00Z,2026-08-19T17:23:00Z
pay-000127,pay_1001805,S-10018,2076390,41528,7475,2026-08-19T10:14:00Z,2026-08-19T17:23:00Z
pay-000128,pay_1002000,S-10020,197981,3960,713,2026-08-20T12:03:00Z,2026-08-21T21:48:00Z
pay-000129,pay_1002001,S-10020,1816707,36334,6540,2026-08-20T03:03:00Z,2026-08-21T21:48:00Z
pay-000130,pay_1002002,S-10020,50857,1017,183,2026-08-21T01:03:00Z,2026-08-21T21:48:00Z
pay-000131,pay_1002003,S-10020,2221914,44438,7999,2026-08-19T19:03:00Z,2026-08-21T21:48:00Z
pay-000132,pay_1002004,S-10020,487459,9749,1755,2026-08-19T18:03:00Z,2026-08-21T21:48:00Z
pay-000133,pay_1002005,S-10020,2355474,47109,8480,2026-08-19T20:03:00Z,2026-08-21T21:48:00Z
pay-000134,pay_1002100,S-10021,2497437,49949,8991,2026-08-21T10:00:00Z,2026-08-22T10:32:00Z
pay-000135,pay_1002101,S-10021,460722,9214,1659,2026-08-20T17:00:00Z,2026-08-22T10:32:00Z
pay-000136,pay_1002102,S-10021,1974496,39490,7108,2026-08-22T01:00:00Z,2026-08-22T10:32:00Z
pay-000137,pay_1002200,S-10022,714902,14298,2574,2026-08-22T21:11:00Z,2026-08-23T19:40:00Z
pay-000138,pay_1002201,S-10022,1625430,32509,5852,2026-08-22T06:11:00Z,2026-08-23T19:40:00Z
pay-000139,pay_1002202,S-10022,1426916,28538,5137,2026-08-22T15:11:00Z,2026-08-23T19:40:00Z
pay-000140,pay_1002203,S-10022,803739,16075,2894,2026-08-23T08:11:00Z,2026-08-23T19:40:00Z
pay-000141,pay_1002204,S-10022,1168227,23365,4206,2026-08-23T08:11:00Z,2026-08-23T19:40:00Z
pay-000142,pay_1002300,S-10023,648852,12977,2336,2026-08-23T20:57:00Z,2026-08-25T07:42:00Z
pay-000143,pay_1002301,S-10023,2258170,45163,8129,2026-08-23T23:57:00Z,2026-08-25T07:42:00Z
pay-000144,pay_1002302,S-10023,345730,6915,1245,2026-08-22T23:57:00Z,2026-08-25T07:42:00Z
pay-000145,pay_1002303,S-10023,2080763,41615,7491,2026-08-24T12:57:00Z,2026-08-25T07:42:00Z
pay-000146,pay_1002304,S-10023,1802769,36055,6490,2026-08-23T09:57:00Z,2026-08-25T07:42:00Z
pay-000147,pay_1002305,S-10023,192204,3844,692,2026-08-24T15:57:00Z,2026-08-25T07:42:00Z
pay-000148,pay_1002400,S-10024,113568,2271,409,2026-08-01T21:00:00Z,2026-08-03T01:36:00Z
pay-000149,pay_1002401,S-10024,188584,3772,679,2026-08-02T21:00:00Z,2026-08-03T01:36:00Z
pay-000150,pay_1002402,S-10024,2488222,49764,8958,2026-08-01T05:00:00Z,2026-08-03T01:36:00Z
pay-000151,pay_1002403,S-10024,941637,18833,3390,2026-08-02T05:00:00Z,2026-08-03T01:36:00Z
pay-000152,pay_1002500,S-10025,2397679,47954,8632,2026-08-12T01:45:00Z,2026-08-14T05:04:00Z
pay-000153,pay_1002501,S-10025,1064859,21297,3833,2026-08-13T02:45:00Z,2026-08-14T05:04:00Z
pay-000154,pay_1002502,S-10025,342337,6847,1232,2026-08-12T14:45:00Z,2026-08-14T05:04:00Z
pay-000155,pay_1002503,S-10025,890331,17807,3205,2026-08-12T00:45:00Z,2026-08-14T05:04:00Z
pay-000156,pay_1002504,S-10025,2020482,40410,7274,2026-08-13T17:45:00Z,2026-08-14T05:04:00Z
pay-000157,pay_1002505,S-10025,1827602,36552,6579,2026-08-13T17:45:00Z,2026-08-14T05:04:00Z
pay-000158,pay_1002506,S-10025,817793,16356,2944,2026-08-12T08:45:00Z,2026-08-14T05:04:00Z
pay-000159,pay_1002600,S-10026,692856,13857,2494,2026-08-05T19:14:00Z,2026-08-07T00:46:00Z
pay-000160,pay_1002601,S-10026,763156,15263,2747,2026-08-05T08:14:00Z,2026-08-07T00:46:00Z
pay-000161,pay_1002602,S-10026,322067,6441,1159,2026-08-06T08:14:00Z,2026-08-07T00:46:00Z
pay-000162,pay_1002603,S-10026,755683,15114,2721,2026-08-06T02:14:00Z,2026-08-07T00:46:00Z
pay-000163,pay_1002604,S-10026,1987337,39747,7154,2026-08-05T00:14:00Z,2026-08-07T00:46:00Z
pay-000164,pay_1002605,S-10026,2176782,43536,7836,2026-08-06T13:14:00Z,2026-08-07T00:46:00Z
pay-000165,pay_1002606,S-10026,2180751,43615,7851,2026-08-05T16:14:00Z,2026-08-07T00:46:00Z
pay-000166,pay_1002607,S-10026,1778871,35577,6404,2026-08-04T23:14:00Z,2026-08-07T00:46:00Z
pay-000167,pay_1002608,S-10026,497941,9959,1793,2026-08-05T17:14:00Z,2026-08-07T00:46:00Z
pay-000168,pay_1002700,S-10027,739832,14797,2663,2026-08-05T05:33:00Z,2026-08-05T20:43:00Z
pay-000169,pay_1002701,S-10027,365537,7311,1316,2026-08-05T09:33:00Z,2026-08-05T20:43:00Z
pay-000170,pay_1002702,S-10027,129671,2593,467,2026-08-05T10:33:00Z,2026-08-05T20:43:00Z
pay-000171,pay_1002703,S-10027,1381857,27637,4975,2026-08-04T08:33:00Z,2026-08-05T20:43:00Z
pay-000172,pay_1002704,S-10027,837588,16752,3015,2026-08-03T23:33:00Z,2026-08-05T20:43:00Z
pay-000173,pay_1002705,S-10027,2039836,40797,7343,2026-08-05T12:33:00Z,2026-08-05T20:43:00Z
pay-000174,pay_1002706,S-10027,2420626,48413,8714,2026-08-04T00:33:00Z,2026-08-05T20:43:00Z
pay-000175,pay_1002707,S-10027,466826,9337,1681,2026-08-05T13:33:00Z,2026-08-05T20:43:00Z
pay-000176,pay_1002708,S-10027,950898,19018,3423,2026-08-03T20:33:00Z,2026-08-05T20:43:00Z
pay-000177,pay_1002800,S-10028,545517,10910,1964,2026-08-04T23:22:00Z,2026-08-06T16:42:00Z
pay-000178,pay_1002801,S-10028,516974,10339,1861,2026-08-06T03:22:00Z,2026-08-06T16:42:00Z
pay-000179,pay_1002802,S-10028,393713,7874,1417,2026-08-06T07:22:00Z,2026-08-06T16:42:00Z
pay-000180,pay_1002803,S-10028,2356859,47137,8485,2026-08-05T18:22:00Z,2026-08-06T16:42:00Z
pay-000181,pay_1002804,S-10028,373336,7467,1344,2026-08-04T14:22:00Z,2026-08-06T16:42:00Z
pay-000182,pay_1002805,S-10028,2068749,41375,7448,2026-08-05T11:22:00Z,2026-08-06T16:42:00Z
pay-000183,pay_1002806,S-10028,170011,3400,612,2026-08-06T04:22:00Z,2026-08-06T16:42:00Z
pay-000184,pay_1002807,S-10028,558430,11169,2010,2026-08-06T11:22:00Z,2026-08-06T16:42:00Z
pay-000185,pay_1002808,S-10028,2328885,46578,8384,2026-08-05T16:22:00Z,2026-08-06T16:42:00Z
pay-000186,pay_1002809,S-10028,1134452,22689,4084,2026-08-05T15:22:00Z,2026-08-06T16:42:00Z
pay-000187,pay_1002810,S-10028,1740543,34811,6266,2026-08-04T17:22:00Z,2026-08-06T16:42:00Z
pay-000188,pay_1002900,S-10029,970504,19410,3494,2026-08-06T20:47:00Z,2026-08-07T10:57:00Z
pay-000189,pay_1002901,S-10029,1779817,35596,6407,2026-08-05T18:47:00Z,2026-08-07T10:57:00Z
pay-000190,pay_1002902,S-10029,658826,13177,2372,2026-08-06T01:47:00Z,2026-08-07T10:57:00Z
pay-000191,pay_1002903,S-10029,624453,12489,2248,2026-08-06T17:47:00Z,2026-08-07T10:57:00Z
pay-000192,pay_1002904,S-10029,1356322,27126,4883,2026-08-06T19:47:00Z,2026-08-07T10:57:00Z
pay-000193,pay_1003000,S-10030,1866265,37325,6718,2026-08-07T03:20:00Z,2026-08-08T12:17:00Z
pay-000194,pay_1003001,S-10030,919086,18382,3309,2026-08-07T07:20:00Z,2026-08-08T12:17:00Z
pay-000195,pay_1003002,S-10030,207047,4141,745,2026-08-08T00:20:00Z,2026-08-08T12:17:00Z
pay-000196,pay_1003003,S-10030,51705,1034,186,2026-08-07T13:20:00Z,2026-08-08T12:17:00Z
pay-000197,pay_1003004,S-10030,2457730,49155,8848,2026-08-06T20:20:00Z,2026-08-08T12:17:00Z
pay-000198,pay_1003005,S-10030,66239,1325,238,2026-08-07T05:20:00Z,2026-08-08T12:17:00Z
pay-000199,pay_1003006,S-10030,1426953,28539,5137,2026-08-07T06:20:00Z,2026-08-08T12:17:00Z
pay-000200,pay_1003007,S-10030,299010,5980,1076,2026-08-06T11:20:00Z,2026-08-08T12:17:00Z
pay-000201,pay_1003008,S-10030,1364959,27299,4914,2026-08-07T21:20:00Z,2026-08-08T12:17:00Z
pay-000202,pay_1003009,S-10030,1578303,31566,5682,2026-08-07T21:20:00Z,2026-08-08T12:17:00Z
pay-000203,pay_1003100,S-10031,2411977,48240,8683,2026-08-18T02:31:00Z,2026-08-19T22:52:00Z
pay-000204,pay_1003101,S-10031,340126,6803,1225,2026-08-17T23:31:00Z,2026-08-19T22:52:00Z
pay-000205,pay_1003102,S-10031,506540,10131,1824,2026-08-17T22:31:00Z,2026-08-19T22:52:00Z
pay-000206,pay_1003103,S-10031,125070,2501,450,2026-08-19T08:31:00Z,2026-08-19T22:52:00Z
pay-000207,pay_1003104,S-10031,432989,8660,1559,2026-08-18T08:31:00Z,2026-08-19T22:52:00Z
pay-000208,pay_1003200,S-10032,1055106,21102,3798,2026-08-09T00:20:00Z,2026-08-10T22:56:00Z
pay-000209,pay_1003201,S-10032,1616778,32336,5820,2026-08-09T01:20:00Z,2026-08-10T22:56:00Z
pay-000210,pay_1003202,S-10032,1843706,36874,6637,2026-08-09T23:20:00Z,2026-08-10T22:56:00Z
pay-000211,pay_1003203,S-10032,2141543,42831,7710,2026-08-10T18:20:00Z,2026-08-10T22:56:00Z
pay-000212,pay_1003204,S-10032,856667,17133,3084,2026-08-10T18:20:00Z,2026-08-10T22:56:00Z
pay-000213,pay_1003205,S-10032,1382979,27660,4979,2026-08-10T16:20:00Z,2026-08-10T22:56:00Z
pay-000214,pay_1003300,S-10033,626449,12529,2255,2026-08-05T07:39:00Z,2026-08-06T23:19:00Z
pay-000215,pay_1003301,S-10033,2056496,41130,7403,2026-08-05T04:39:00Z,2026-08-06T23:19:00Z
pay-000216,pay_1003302,S-10033,1984817,39696,7145,2026-08-04T18:39:00Z,2026-08-06T23:19:00Z
pay-000217,pay_1003303,S-10033,1504672,30093,5417,2026-08-06T05:39:00Z,2026-08-06T23:19:00Z
pay-000218,pay_1003304,S-10033,2343815,46876,8438,2026-08-05T00:39:00Z,2026-08-06T23:19:00Z
pay-000219,pay_1003305,S-10033,875417,17508,3151,2026-08-06T03:39:00Z,2026-08-06T23:19:00Z
pay-000220,pay_1003306,S-10033,2418483,48370,8707,2026-08-06T02:39:00Z,2026-08-06T23:19:00Z
pay-000221,pay_1003307,S-10033,836981,16740,3013,2026-08-06T04:39:00Z,2026-08-06T23:19:00Z
pay-000222,pay_1003308,S-10033,2442248,48845,8792,2026-08-04T23:39:00Z,2026-08-06T23:19:00Z
pay-000223,pay_1003309,S-10033,953793,19076,3434,2026-08-06T03:39:00Z,2026-08-06T23:19:00Z
pay-000224,pay_1003310,S-10033,1684510,33690,6064,2026-08-06T12:39:00Z,2026-08-06T23:19:00Z
pay-000225,pay_1003400,S-10034,1157672,23153,4168,2026-08-11T17:05:00Z,2026-08-12T21:45:00Z
pay-000226,pay_1003401,S-10034,1608894,32178,5792,2026-08-11T03:05:00Z,2026-08-12T21:45:00Z
pay-000227,pay_1003402,S-10034,2446232,48925,8806,2026-08-11T11:05:00Z,2026-08-12T21:45:00Z
pay-000228,pay_1003403,S-10034,1577283,31546,5678,2026-08-11T10:05:00Z,2026-08-12T21:45:00Z
pay-000229,pay_1003404,S-10034,1780779,35616,6411,2026-08-11T21:05:00Z,2026-08-12T21:45:00Z
pay-000230,pay_1003405,S-10034,913519,18270,3289,2026-08-11T21:05:00Z,2026-08-12T21:45:00Z
pay-000231,pay_1003406,S-10034,792489,15850,2853,2026-08-11T16:05:00Z,2026-08-12T21:45:00Z
pay-000232,pay_1003407,S-10034,1399590,27992,5039,2026-08-12T04:05:00Z,2026-08-12T21:45:00Z
pay-000233,pay_1003500,S-10035,761877,15238,2743,2026-08-13T18:49:00Z,2026-08-14T03:07:00Z
pay-000234,pay_1003501,S-10035,1779244,35585,6405,2026-08-12T05:49:00Z,2026-08-14T03:07:00Z
pay-000235,pay_1003502,S-10035,718672,14373,2587,2026-08-12T08:49:00Z,2026-08-14T03:07:00Z
pay-000236,pay_1003503,S-10035,1901754,38035,6846,2026-08-12T14:49:00Z,2026-08-14T03:07:00Z
pay-000237,pay_1003600,S-10036,965815,19316,3477,2026-08-12T17:27:00Z,2026-08-14T12:05:00Z
pay-000238,pay_1003601,S-10036,1136070,22721,4090,2026-08-13T13:27:00Z,2026-08-14T12:05:00Z
pay-000239,pay_1003602,S-10036,631668,12633,2274,2026-08-14T02:27:00Z,2026-08-14T12:05:00Z
pay-000240,pay_1003603,S-10036,1429855,28597,5147,2026-08-12T10:27:00Z,2026-08-14T12:05:00Z
pay-000241,pay_1003604,S-10036,911239,18225,3280,2026-08-12T16:27:00Z,2026-08-14T12:05:00Z
pay-000242,pay_1003605,S-10036,2231747,44635,8034,2026-08-12T12:27:00Z,2026-08-14T12:05:00Z
pay-000243,pay_1003606,S-10036,2361226,47225,8500,2026-08-12T19:27:00Z,2026-08-14T12:05:00Z
pay-000244,pay_1003607,S-10036,2035506,40710,7328,2026-08-13T13:27:00Z,2026-08-14T12:05:00Z
pay-000245,pay_1003608,S-10036,249516,4990,898,2026-08-13T00:27:00Z,2026-08-14T12:05:00Z
pay-000246,pay_1003609,S-10036,2467219,49344,8882,2026-08-13T23:27:00Z,2026-08-14T12:05:00Z
pay-000247,pay_1003610,S-10036,305165,6103,1099,2026-08-14T06:27:00Z,2026-08-14T12:05:00Z
pay-000248,pay_1003611,S-10036,392519,7850,1413,2026-08-13T00:27:00Z,2026-08-14T12:05:00Z
pay-000249,pay_1003700,S-10037,1662050,33241,5983,2026-08-13T18:30:00Z,2026-08-15T04:15:00Z
pay-000250,pay_1003701,S-10037,2160152,43203,7777,2026-08-13T12:30:00Z,2026-08-15T04:15:00Z
pay-000251,pay_1003702,S-10037,70009,1400,252,2026-08-13T09:30:00Z,2026-08-15T04:15:00Z
pay-000252,pay_1003703,S-10037,770856,15417,2775,2026-08-13T05:30:00Z,2026-08-15T04:15:00Z
pay-000253,pay_1003704,S-10037,2340636,46813,8426,2026-08-13T06:30:00Z,2026-08-15T04:15:00Z
pay-000254,pay_1003705,S-10037,1451671,29033,5226,2026-08-13T15:30:00Z,2026-08-15T04:15:00Z
pay-000255,pay_1003706,S-10037,2092258,41845,7532,2026-08-13T09:30:00Z,2026-08-15T04:15:00Z
pay-000256,pay_1003800,S-10038,1558645,31173,5611,2026-08-15T21:54:00Z,2026-08-16T15:31:00Z
pay-000257,pay_1003801,S-10038,379895,7598,1368,2026-08-15T19:54:00Z,2026-08-16T15:31:00Z
pay-000258,pay_1003802,S-10038,1749269,34985,6297,2026-08-14T17:54:00Z,2026-08-16T15:31:00Z
pay-000259,pay_1003803,S-10038,656319,13126,2363,2026-08-14T21:54:00Z,2026-08-16T15:31:00Z
pay-000260,pay_1003804,S-10038,2270600,45412,8174,2026-08-16T07:54:00Z,2026-08-16T15:31:00Z
pay-000261,pay_1003900,S-10039,1019002,20380,3668,2026-08-17T12:35:00Z,2026-08-17T18:51:00Z
pay-000262,pay_1003901,S-10039,2263395,45268,8148,2026-08-16T19:35:00Z,2026-08-17T18:51:00Z
pay-000263,pay_1003902,S-10039,2321845,46437,8359,2026-08-16T09:35:00Z,2026-08-17T18:51:00Z
pay-000264,pay_1003903,S-10039,1631333,32627,5873,2026-08-17T07:35:00Z,2026-08-17T18:51:00Z
pay-000265,pay_1003904,S-10039,981847,19637,3535,2026-08-16T08:35:00Z,2026-08-17T18:51:00Z
pay-000266,pay_1003905,S-10039,1588619,31772,5719,2026-08-17T02:35:00Z,2026-08-17T18:51:00Z
pay-000267,pay_1003906,S-10039,518377,10368,1866,2026-08-16T09:35:00Z,2026-08-17T18:51:00Z
pay-000268,pay_1003907,S-10039,1430768,28615,5151,2026-08-16T03:35:00Z,2026-08-17T18:51:00Z
pay-000269,pay_1003908,S-10039,547101,10942,1970,2026-08-16T20:35:00Z,2026-08-17T18:51:00Z
pay-000270,pay_1003909,S-10039,1984612,39692,7145,2026-08-17T12:35:00Z,2026-08-17T18:51:00Z
pay-000271,pay_1004000,S-10040,1250236,25005,4501,2026-08-16T15:44:00Z,2026-08-18T06:18:00Z
pay-000272,pay_1004001,S-10040,2177316,43546,7838,2026-08-16T09:44:00Z,2026-08-18T06:18:00Z
pay-000273,pay_1004002,S-10040,1828140,36563,6581,2026-08-17T22:44:00Z,2026-08-18T06:18:00Z
pay-000274,pay_1004003,S-10040,1321738,26435,4758,2026-08-16T21:44:00Z,2026-08-18T06:18:00Z
pay-000275,pay_1004004,S-10040,819585,16392,2951,2026-08-17T19:44:00Z,2026-08-18T06:18:00Z
pay-000276,pay_1004005,S-10040,2329916,46598,8388,2026-08-16T18:44:00Z,2026-08-18T06:18:00Z
pay-000277,pay_1004006,S-10040,2285629,45713,8228,2026-08-16T04:44:00Z,2026-08-18T06:18:00Z
pay-000278,pay_1004007,S-10040,823533,16471,2965,2026-08-16T05:44:00Z,2026-08-18T06:18:00Z
pay-000279,pay_1004100,S-10041,216916,4338,781,2026-08-19T02:13:00Z,2026-08-20T00:20:00Z
pay-000280,pay_1004101,S-10041,512805,10256,1846,2026-08-18T03:13:00Z,2026-08-20T00:20:00Z
pay-000281,pay_1004102,S-10041,72234,1445,260,2026-08-18T16:13:00Z,2026-08-20T00:20:00Z
pay-000282,pay_1004103,S-10041,1182349,23647,4256,2026-08-18T10:13:00Z,2026-08-20T00:20:00Z
pay-000283,pay_1004200,S-10042,381287,7626,1373,2026-08-20T03:56:00Z,2026-08-20T19:50:00Z
pay-000284,pay_1004201,S-10042,1320223,26404,4753,2026-08-20T06:56:00Z,2026-08-20T19:50:00Z
pay-000285,pay_1004202,S-10042,738224,14764,2658,2026-08-20T06:56:00Z,2026-08-20T19:50:00Z
pay-000286,pay_1004203,S-10042,2300980,46020,8284,2026-08-19T17:56:00Z,2026-08-20T19:50:00Z
pay-000287,pay_1004204,S-10042,1057417,21148,3807,2026-08-20T07:56:00Z,2026-08-20T19:50:00Z
pay-000288,pay_1004300,S-10043,1781671,35633,6414,2026-08-20T05:39:00Z,2026-08-21T11:06:00Z
pay-000289,pay_1004301,S-10043,2046521,40930,7367,2026-08-20T21:39:00Z,2026-08-21T11:06:00Z
pay-000290,pay_1004302,S-10043,1520204,30404,5473,2026-08-20T23:39:00Z,2026-08-21T11:06:00Z
pay-000291,pay_1004303,S-10043,250604,5012,902,2026-08-20T23:39:00Z,2026-08-21T11:06:00Z
pay-000292,pay_1004304,S-10043,2383538,47671,8581,2026-08-21T02:39:00Z,2026-08-21T11:06:00Z
pay-000293,pay_1004305,S-10043,504242,10085,1815,2026-08-20T07:39:00Z,2026-08-21T11:06:00Z
pay-000294,pay_1004306,S-10043,1588818,31776,5720,2026-08-20T16:39:00Z,2026-08-21T11:06:00Z
pay-000295,pay_1004307,S-10043,1607256,32145,5786,2026-08-20T15:39:00Z,2026-08-21T11:06:00Z
pay-000296,pay_1004308,S-10043,1654950,33099,5958,2026-08-21T05:39:00Z,2026-08-21T11:06:00Z
pay-000297,pay_1004309,S-10043,332261,6645,1196,2026-08-20T10:39:00Z,2026-08-21T11:06:00Z
pay-000298,pay_1004400,S-10044,387750,7755,1396,2026-08-21T03:44:00Z,2026-08-23T03:05:00Z
pay-000299,pay_1004401,S-10044,743806,14876,2678,2026-08-21T04:44:00Z,2026-08-23T03:05:00Z
pay-000300,pay_1004402,S-10044,1950022,39000,7020,2026-08-21T05:44:00Z,2026-08-23T03:05:00Z
pay-000301,pay_1004403,S-10044,1784646,35693,6425,2026-08-22T00:44:00Z,2026-08-23T03:05:00Z
pay-000302,pay_1004404,S-10044,1516184,30324,5458,2026-08-22T07:44:00Z,2026-08-23T03:05:00Z
pay-000303,pay_1004405,S-10044,1401802,28036,5046,2026-08-21T14:44:00Z,2026-08-23T03:05:00Z
pay-000304,pay_1004406,S-10044,1210686,24214,4359,2026-08-21T11:44:00Z,2026-08-23T03:05:00Z
pay-000305,pay_1004407,S-10044,1209701,24194,4355,2026-08-21T19:44:00Z,2026-08-23T03:05:00Z
pay-000306,pay_1004500,S-10045,1045062,20901,3762,2026-08-22T20:54:00Z,2026-08-23T10:34:00Z
pay-000307,pay_1004501,S-10045,1674058,33481,6027,2026-08-23T00:54:00Z,2026-08-23T10:34:00Z
pay-000308,pay_1004502,S-10045,1074452,21489,3868,2026-08-21T14:54:00Z,2026-08-23T10:34:00Z
pay-000309,pay_1004503,S-10045,1556136,31123,5602,2026-08-22T00:54:00Z,2026-08-23T10:34:00Z
pay-000310,pay_1004504,S-10045,1629312,32586,5865,2026-08-22T09:54:00Z,2026-08-23T10:34:00Z
pay-000311,pay_1004505,S-10045,1538390,30768,5538,2026-08-22T15:54:00Z,2026-08-23T10:34:00Z
pay-000312,pay_1004506,S-10045,1742350,34847,6272,2026-08-22T08:54:00Z,2026-08-23T10:34:00Z
pay-000313,pay_1004507,S-10045,1530372,30607,5509,2026-08-22T05:54:00Z,2026-08-23T10:34:00Z
pay-000314,pay_1004600,S-10046,1296386,25928,4667,2026-08-23T04:38:00Z,2026-08-24T07:48:00Z
pay-000315,pay_1004601,S-10046,2187979,43760,7877,2026-08-24T00:38:00Z,2026-08-24T07:48:00Z
pay-000316,pay_1004602,S-10046,483340,9667,1740,2026-08-22T15:38:00Z,2026-08-24T07:48:00Z
pay-000317,pay_1004603,S-10046,750919,15018,2703,2026-08-23T04:38:00Z,2026-08-24T07:48:00Z
pay-000318,pay_1004604,S-10046,590687,11814,2127,2026-08-22T18:38:00Z,2026-08-24T07:48:00Z
pay-000319,pay_1004605,S-10046,1500517,30010,5402,2026-08-23T23:38:00Z,2026-08-24T07:48:00Z
pay-000320,pay_1004606,S-10046,671167,13423,2416,2026-08-23T06:38:00Z,2026-08-24T07:48:00Z
pay-000321,pay_1004607,S-10046,525065,10501,1890,2026-08-22T19:38:00Z,2026-08-24T07:48:00Z
pay-000322,pay_1004608,S-10046,2378232,47565,8562,2026-08-23T18:38:00Z,2026-08-24T07:48:00Z
pay-000323,pay_1004700,S-10047,1797979,35960,6473,2026-08-01T04:52:00Z,2026-08-06T01:00:00Z
pay-000324,pay_1004701,S-10047,553990,11080,1994,2026-08-02T11:52:00Z,2026-08-06T01:00:00Z
pay-000325,pay_1004702,S-10047,1408832,28177,5072,2026-08-02T14:52:00Z,2026-08-06T01:00:00Z
pay-000326,pay_1004703,S-10047,1712810,34256,6166,2026-08-01T12:52:00Z,2026-08-06T01:00:00Z
pay-000327,pay_1004704,S-10047,939295,18786,3381,2026-08-01T22:52:00Z,2026-08-06T01:00:00Z
pay-000328,pay_1004705,S-10047,1298975,25980,4676,2026-08-01T19:52:00Z,2026-08-06T01:00:00Z
pay-000329,pay_1004706,S-10047,1608231,32165,5790,2026-08-01T01:52:00Z,2026-08-06T01:00:00Z
pay-000330,pay_1004800,S-10048,2433687,48674,8761,2026-08-01T15:22:00Z,2026-08-03T20:12:00Z
pay-000331,pay_1004801,S-10048,252951,5059,911,2026-08-01T18:22:00Z,2026-08-03T20:12:00Z
pay-000332,pay_1004802,S-10048,932887,18658,3358,2026-08-03T12:22:00Z,2026-08-03T20:12:00Z
pay-000333,pay_1004803,S-10048,1032103,20642,3716,2026-08-02T19:22:00Z,2026-08-03T20:12:00Z
pay-000334,pay_1004900,S-10049,534002,10680,1922,2026-08-03T10:37:00Z,2026-08-05T00:04:00Z
pay-000335,pay_1004901,S-10049,426998,8540,1537,2026-08-02T18:37:00Z,2026-08-05T00:04:00Z
pay-000336,pay_1004902,S-10049,858350,17167,3090,2026-08-02T23:37:00Z,2026-08-05T00:04:00Z
pay-000337,pay_1004903,S-10049,1470270,29405,5293,2026-08-03T13:37:00Z,2026-08-05T00:04:00Z
pay-000338,pay_1004904,S-10049,1227230,24545,4418,2026-08-02T23:37:00Z,2026-08-05T00:04:00Z
pay-000339,pay_1004905,S-10049,1499805,29996,5399,2026-08-02T17:37:00Z,2026-08-05T00:04:00Z
pay-000340,pay_1005000,S-10050,457872,9157,1648,2026-08-05T04:36:00Z,2026-08-09T00:38:00Z
pay-000341,pay_1005001,S-10050,1103930,22079,3974,2026-08-03T23:36:00Z,2026-08-09T00:38:00Z
pay-000342,pay_1005002,S-10050,1738650,34773,6259,2026-08-05T03:36:00Z,2026-08-09T00:38:00Z
pay-000343,pay_1005003,S-10050,2092422,41848,7533,2026-08-05T00:36:00Z,2026-08-09T00:38:00Z
pay-000344,pay_1005004,S-10050,993026,19861,3575,2026-08-05T01:36:00Z,2026-08-09T00:38:00Z
pay-000345,pay_1005005,S-10050,769374,15387,2770,2026-08-05T10:36:00Z,2026-08-09T00:38:00Z
pay-000346,pay_1005006,S-10050,2391748,47835,8610,2026-08-04T01:36:00Z,2026-08-09T00:38:00Z
pay-000347,pay_1005007,S-10050,1568237,31365,5646,2026-08-05T04:36:00Z,2026-08-09T00:38:00Z
pay-000348,pay_1005008,S-10050,1623289,32466,5844,2026-08-04T06:36:00Z,2026-08-09T00:38:00Z
pay-000349,pay_1005100,S-10051,733144,14663,2639,2026-08-05T23:50:00Z,2026-08-06T11:32:00Z
pay-000350,pay_1005101,S-10051,183078,3662,659,2026-08-05T14:50:00Z,2026-08-06T11:32:00Z
pay-000351,pay_1005102,S-10051,2311391,46228,8321,2026-08-05T23:50:00Z,2026-08-06T11:32:00Z
pay-000352,pay_1005103,S-10051,2273290,45466,8184,2026-08-05T20:50:00Z,2026-08-06T11:32:00Z
pay-000353,pay_1005104,S-10051,240641,4813,866,2026-08-05T16:50:00Z,2026-08-06T11:32:00Z
pay-000354,pay_1005105,S-10051,926943,18539,3337,2026-08-05T09:50:00Z,2026-08-06T11:32:00Z
pay-000355,pay_1005106,S-10051,2163083,43262,7787,2026-08-05T04:50:00Z,2026-08-06T11:32:00Z
pay-000356,pay_1005107,S-10051,2060475,41210,7418,2026-08-05T22:50:00Z,2026-08-06T11:32:00Z
pay-000357,pay_1005108,S-10051,2486975,49740,8953,2026-08-04T06:50:00Z,2026-08-06T11:32:00Z
pay-000358,pay_1005109,S-10051,1399949,27999,5040,2026-08-05T22:50:00Z,2026-08-06T11:32:00Z
pay-000359,pay_1005200,S-10052,876185,17524,3154,2026-08-03T00:10:00Z,2026-08-05T00:41:00Z
pay-000360,pay_1005201,S-10052,785678,15714,2829,2026-08-04T01:10:00Z,2026-08-05T00:41:00Z
pay-000361,pay_1005202,S-10052,174961,3499,630,2026-08-02T23:10:00Z,2026-08-05T00:41:00Z
pay-000362,pay_1005203,S-10052,738285,14766,2658,2026-08-03T03:10:00Z,2026-08-05T00:41:00Z
pay-000363,pay_1005204,S-10052,173320,3466,624,2026-08-03T09:10:00Z,2026-08-05T00:41:00Z
pay-000364,pay_1005205,S-10052,274544,5491,988,2026-08-04T05:10:00Z,2026-08-05T00:41:00Z
pay-000365,pay_1005206,S-10052,2337347,46747,8414,2026-08-04T18:10:00Z,2026-08-05T00:41:00Z
pay-000366,pay_1005207,S-10052,193455,3869,696,2026-08-03T16:10:00Z,2026-08-05T00:41:00Z
pay-000367,pay_1005300,S-10053,185019,3700,666,2026-08-15T20:48:00Z,2026-08-17T21:53:00Z
pay-000368,pay_1005301,S-10053,1254061,25081,4515,2026-08-17T12:48:00Z,2026-08-17T21:53:00Z
pay-000369,pay_1005302,S-10053,728292,14566,2622,2026-08-16T08:48:00Z,2026-08-17T21:53:00Z
pay-000370,pay_1005303,S-10053,1879704,37594,6767,2026-08-17T07:48:00Z,2026-08-17T21:53:00Z
pay-000371,pay_1005304,S-10053,2396205,47924,8626,2026-08-16T18:48:00Z,2026-08-17T21:53:00Z
pay-000372,pay_1005305,S-10053,636221,12724,2290,2026-08-16T20:48:00Z,2026-08-17T21:53:00Z
pay-000373,pay_1005306,S-10053,1841395,36828,6629,2026-08-15T17:48:00Z,2026-08-17T21:53:00Z
pay-000374,pay_1005307,S-10053,1350083,27002,4860,2026-08-16T03:48:00Z,2026-08-17T21:53:00Z
pay-000375,pay_1005308,S-10053,2137252,42745,7694,2026-08-16T17:48:00Z,2026-08-17T21:53:00Z
pay-000376,pay_1005309,S-10053,535239,10705,1927,2026-08-16T16:48:00Z,2026-08-17T21:53:00Z
pay-000377,pay_1005310,S-10053,2135140,42703,7687,2026-08-17T08:48:00Z,2026-08-17T21:53:00Z
pay-000378,pay_1005311,S-10053,909915,18198,3276,2026-08-16T04:48:00Z,2026-08-17T21:53:00Z
pay-000379,pay_1005400,S-10054,1668234,33365,6006,2026-08-08T03:25:00Z,2026-08-10T02:11:00Z
pay-000380,pay_1005401,S-10054,478680,9574,1723,2026-08-08T06:25:00Z,2026-08-10T02:11:00Z
pay-000381,pay_1005402,S-10054,1704115,34082,6135,2026-08-09T11:25:00Z,2026-08-10T02:11:00Z
pay-000382,pay_1005403,S-10054,1500963,30019,5403,2026-08-09T06:25:00Z,2026-08-10T02:11:00Z
pay-000383,pay_1005404,S-10054,767932,15359,2765,2026-08-07T22:25:00Z,2026-08-10T02:11:00Z
pay-000384,pay_1005405,S-10054,2060684,41214,7419,2026-08-09T11:25:00Z,2026-08-10T02:11:00Z
pay-000385,pay_1005406,S-10054,1750672,35013,6302,2026-08-08T05:25:00Z,2026-08-10T02:11:00Z
pay-000386,pay_1005407,S-10054,2042345,40847,7352,2026-08-09T02:25:00Z,2026-08-10T02:11:00Z
pay-000387,pay_1005408,S-10054,212799,4256,766,2026-08-08T23:25:00Z,2026-08-10T02:11:00Z
pay-000388,pay_1005409,S-10054,1457061,29141,5245,2026-08-09T17:25:00Z,2026-08-10T02:11:00Z
pay-000389,pay_1005500,S-10055,1914596,38292,6893,2026-08-09T19:34:00Z,2026-08-10T18:48:00Z
pay-000390,pay_1005501,S-10055,1309062,26181,4713,2026-08-10T01:34:00Z,2026-08-10T18:48:00Z
pay-000391,pay_1005502,S-10055,1209222,24184,4353,2026-08-08T22:34:00Z,2026-08-10T18:48:00Z
pay-000392,pay_1005503,S-10055,100953,2019,363,2026-08-09T07:34:00Z,2026-08-10T18:48:00Z
pay-000393,pay_1005504,S-10055,1498355,29967,5394,2026-08-09T19:34:00Z,2026-08-10T18:48:00Z
pay-000394,pay_1005505,S-10055,1244885,24898,4482,2026-08-08T16:34:00Z,2026-08-10T18:48:00Z
pay-000395,pay_1005506,S-10055,1037153,20743,3734,2026-08-09T22:34:00Z,2026-08-10T18:48:00Z
pay-000396,pay_1005600,S-10056,516378,10328,1859,2026-08-10T06:03:00Z,2026-08-11T17:04:00Z
pay-000397,pay_1005601,S-10056,1322682,26454,4762,2026-08-10T19:03:00Z,2026-08-11T17:04:00Z
pay-000398,pay_1005602,S-10056,167829,3357,604,2026-08-09T18:03:00Z,2026-08-11T17:04:00Z
pay-000399,pay_1005603,S-10056,1926631,38533,6936,2026-08-11T01:03:00Z,2026-08-11T17:04:00Z
pay-000400,pay_1005604,S-10056,885383,17708,3187,2026-08-11T04:03:00Z,2026-08-11T17:04:00Z
pay-000401,pay_1005605,S-10056,1078984,21580,3884,2026-08-09T23:03:00Z,2026-08-11T17:04:00Z
pay-000402,pay_1005606,S-10056,386715,7734,1392,2026-08-10T00:03:00Z,2026-08-11T17:04:00Z
pay-000403,pay_1005607,S-10056,1575946,31519,5673,2026-08-09T21:03:00Z,2026-08-11T17:04:00Z
pay-000404,pay_1005608,S-10056,1581934,31639,5695,2026-08-10T01:03:00Z,2026-08-11T17:04:00Z
pay-000405,pay_1005609,S-10056,1582260,31645,5696,2026-08-09T20:03:00Z,2026-08-11T17:04:00Z
pay-000406,pay_1005610,S-10056,1810489,36210,6518,2026-08-11T08:03:00Z,2026-08-11T17:04:00Z
pay-000407,pay_1005700,S-10057,1188406,23768,4278,2026-08-12T14:40:00Z,2026-08-13T02:49:00Z
pay-000408,pay_1005701,S-10057,379272,7585,1365,2026-08-11T20:40:00Z,2026-08-13T02:49:00Z
pay-000409,pay_1005702,S-10057,1684171,33683,6063,2026-08-11T20:40:00Z,2026-08-13T02:49:00Z
pay-000410,pay_1005703,S-10057,1692283,33846,6092,2026-08-11T08:40:00Z,2026-08-13T02:49:00Z
pay-000411,pay_1005704,S-10057,303454,6069,1092,2026-08-11T14:40:00Z,2026-08-13T02:49:00Z
pay-000412,pay_1005705,S-10057,1497317,29946,5390,2026-08-11T12:40:00Z,2026-08-13T02:49:00Z
pay-000413,pay_1005800,S-10058,1418982,28380,5108,2026-08-13T00:43:00Z,2026-08-13T22:46:00Z
pay-000414,pay_1005801,S-10058,1404306,28086,5055,2026-08-12T05:43:00Z,2026-08-13T22:46:00Z
pay-000415,pay_1005802,S-10058,925272,18505,3331,2026-08-13T12:43:00Z,2026-08-13T22:46:00Z
pay-000416,pay_1005803,S-10058,1230782,24616,4431,2026-08-12T16:43:00Z,2026-08-13T22:46:00Z
pay-000417,pay_1005804,S-10058,844091,16882,3039,2026-08-13T04:43:00Z,2026-08-13T22:46:00Z
pay-000418,pay_1005805,S-10058,2149081,42982,7737,2026-08-11T15:43:00Z,2026-08-13T22:46:00Z
pay-000419,pay_1005806,S-10058,381761,7635,1374,2026-08-13T05:43:00Z,2026-08-13T22:46:00Z
pay-000420,pay_1005807,S-10058,1851817,37036,6666,2026-08-12T04:43:00Z,2026-08-13T22:46:00Z
pay-000421,pay_1005808,S-10058,1744700,34894,6281,2026-08-12T22:43:00Z,2026-08-13T22:46:00Z
pay-000422,pay_1005900,S-10059,1717853,34357,6184,2026-08-14T09:13:00Z,2026-08-15T05:50:00Z
pay-000423,pay_1005901,S-10059,308420,6168,1110,2026-08-13T10:13:00Z,2026-08-15T05:50:00Z
pay-000424,pay_1005902,S-10059,1904156,38083,6855,2026-08-14T08:13:00Z,2026-08-15T05:50:00Z
pay-000425,pay_1005903,S-10059,2255765,45115,8121,2026-08-14T11:13:00Z,2026-08-15T05:50:00Z
pay-000426,pay_1005904,S-10059,621555,12431,2238,2026-08-13T16:13:00Z,2026-08-15T05:50:00Z
pay-000427,pay_1005905,S-10059,1282992,25660,4619,2026-08-14T17:13:00Z,2026-08-15T05:50:00Z
pay-000428,pay_1006000,S-10060,1557336,31147,5606,2026-08-23T15:42:00Z,2026-08-25T03:05:00Z
pay-000429,pay_1006001,S-10060,318571,6371,1147,2026-08-23T02:42:00Z,2026-08-25T03:05:00Z
pay-000430,pay_1006002,S-10060,1924421,38488,6928,2026-08-23T16:42:00Z,2026-08-25T03:05:00Z
pay-000431,pay_1006003,S-10060,2193054,43861,7895,2026-08-23T18:42:00Z,2026-08-25T03:05:00Z
pay-000432,pay_1006004,S-10060,1720420,34408,6193,2026-08-23T20:42:00Z,2026-08-25T03:05:00Z
pay-000433,pay_1006005,S-10060,2217713,44354,7984,2026-08-23T16:42:00Z,2026-08-25T03:05:00Z
pay-000434,pay_1006006,S-10060,2041082,40822,7348,2026-08-23T06:42:00Z,2026-08-25T03:05:00Z
pay-000435,pay_1006200,S-10062,1910775,38216,6879,2026-08-16T18:15:00Z,2026-08-17T12:02:00Z
pay-000436,pay_1006201,S-10062,1321096,26422,4756,2026-08-15T16:15:00Z,2026-08-17T12:02:00Z
pay-000437,pay_1006202,S-10062,2450498,49010,8822,2026-08-15T19:15:00Z,2026-08-17T12:02:00Z
pay-000438,pay_1006203,S-10062,1118133,22363,4025,2026-08-16T18:15:00Z,2026-08-17T12:02:00Z
pay-000439,pay_1006204,S-10062,346128,6923,1246,2026-08-16T15:15:00Z,2026-08-17T12:02:00Z
pay-000440,pay_1006205,S-10062,1605825,32116,5781,2026-08-17T04:15:00Z,2026-08-17T12:02:00Z
pay-000441,pay_1006206,S-10062,551477,11030,1985,2026-08-17T02:15:00Z,2026-08-17T12:02:00Z
pay-000442,pay_1006207,S-10062,1951419,39028,7025,2026-08-16T08:15:00Z,2026-08-17T12:02:00Z
pay-000443,pay_1006208,S-10062,2177890,43558,7840,2026-08-15T22:15:00Z,2026-08-17T12:02:00Z
pay-000444,pay_1006209,S-10062,2058279,41166,7410,2026-08-17T01:15:00Z,2026-08-17T12:02:00Z
pay-000445,pay_1006210,S-10062,1624272,32485,5847,2026-08-16T22:15:00Z,2026-08-17T12:02:00Z
pay-000446,pay_1006300,S-10063,241545,4831,870,2026-08-16T16:43:00Z,2026-08-18T07:50:00Z
pay-000447,pay_1006301,S-10063,1509193,30184,5433,2026-08-16T07:43:00Z,2026-08-18T07:50:00Z
pay-000448,pay_1006302,S-10063,1165587,23312,4196,2026-08-18T03:43:00Z,2026-08-18T07:50:00Z
pay-000449,pay_1006303,S-10063,1618654,32373,5827,2026-08-16T13:43:00Z,2026-08-18T07:50:00Z
pay-000450,pay_1006304,S-10063,448589,8972,1615,2026-08-17T17:43:00Z,2026-08-18T07:50:00Z
pay-000451,pay_1006305,S-10063,1230937,24619,4431,2026-08-18T00:43:00Z,2026-08-18T07:50:00Z
pay-000452,pay_1006400,S-10064,973724,19474,3505,2026-08-17T18:48:00Z,2026-08-19T23:15:00Z
pay-000453,pay_1006401,S-10064,2480539,49611,8930,2026-08-18T02:48:00Z,2026-08-19T23:15:00Z
pay-000454,pay_1006402,S-10064,121534,2431,438,2026-08-17T22:48:00Z,2026-08-19T23:15:00Z
pay-000455,pay_1006500,S-10065,1357231,27145,4886,2026-08-20T08:50:00Z,2026-08-20T21:26:00Z
pay-000456,pay_1006501,S-10065,742830,14857,2674,2026-08-19T23:50:00Z,2026-08-20T21:26:00Z
pay-000457,pay_1006502,S-10065,1695797,33916,6105,2026-08-20T04:50:00Z,2026-08-20T21:26:00Z
pay-000458,pay_1006503,S-10065,620786,12416,2235,2026-08-19T08:50:00Z,2026-08-20T21:26:00Z
pay-000459,pay_1006504,S-10065,2444182,48884,8799,2026-08-20T04:50:00Z,2026-08-20T21:26:00Z
pay-000460,pay_1006505,S-10065,2430528,48611,8750,2026-08-19T07:50:00Z,2026-08-20T21:26:00Z
pay-000461,pay_1006506,S-10065,690677,13814,2487,2026-08-18T13:50:00Z,2026-08-20T21:26:00Z
pay-000462,pay_1006507,S-10065,819728,16395,2951,2026-08-19T06:50:00Z,2026-08-20T21:26:00Z
pay-000463,pay_1006508,S-10065,454670,9093,1637,2026-08-19T03:50:00Z,2026-08-20T21:26:00Z
pay-000464,pay_1006509,S-10065,483683,9674,1741,2026-08-18T14:50:00Z,2026-08-20T21:26:00Z
pay-000465,pay_1006510,S-10065,2260866,45217,8139,2026-08-20T08:50:00Z,2026-08-20T21:26:00Z
pay-000466,pay_1006600,S-10066,130535,2611,470,2026-08-19T22:45:00Z,2026-08-21T11:32:00Z
pay-000467,pay_1006601,S-10066,580796,11616,2091,2026-08-20T15:45:00Z,2026-08-21T11:32:00Z
pay-000468,pay_1006602,S-10066,735993,14720,2650,2026-08-20T17:45:00Z,2026-08-21T11:32:00Z
pay-000469,pay_1006603,S-10066,1665375,33308,5995,2026-08-21T00:45:00Z,2026-08-21T11:32:00Z
pay-000470,pay_1006604,S-10066,1598125,31962,5753,2026-08-20T19:45:00Z,2026-08-21T11:32:00Z
pay-000471,pay_1006605,S-10066,312012,6240,1123,2026-08-21T03:45:00Z,2026-08-21T11:32:00Z
pay-000472,pay_1006606,S-10066,2132397,42648,7677,2026-08-20T10:45:00Z,2026-08-21T11:32:00Z
pay-000473,pay_1006607,S-10066,1104986,22100,3978,2026-08-21T05:45:00Z,2026-08-21T11:32:00Z
pay-000474,pay_1006608,S-10066,385832,7717,1389,2026-08-19T16:45:00Z,2026-08-21T11:32:00Z
pay-000475,pay_1006609,S-10066,622978,12460,2243,2026-08-21T05:45:00Z,2026-08-21T11:32:00Z
pay-000476,pay_1006610,S-10066,1656494,33130,5963,2026-08-21T03:45:00Z,2026-08-21T11:32:00Z
pay-000477,pay_1006611,S-10066,1664697,33294,5993,2026-08-19T17:45:00Z,2026-08-21T11:32:00Z
pay-000478,pay_1006700,S-10067,1808359,36167,6510,2026-08-18T11:32:00Z,2026-08-20T03:09:00Z
pay-000479,pay_1006701,S-10067,951120,19022,3424,2026-08-19T06:32:00Z,2026-08-20T03:09:00Z
pay-000480,pay_1006702,S-10067,2491425,49828,8969,2026-08-18T22:32:00Z,2026-08-20T03:09:00Z
pay-000481,pay_1006703,S-10067,791759,15835,2850,2026-08-19T03:32:00Z,2026-08-20T03:09:00Z
pay-000482,pay_1006704,S-10067,1218211,24364,4386,2026-08-18T14:32:00Z,2026-08-20T03:09:00Z
pay-000483,pay_1006705,S-10067,2142230,42845,7712,2026-08-19T11:32:00Z,2026-08-20T03:09:00Z
pay-000484,pay_1006706,S-10067,792238,15845,2852,2026-08-19T11:32:00Z,2026-08-20T03:09:00Z
pay-000485,pay_1006800,S-10068,747845,14957,2692,2026-08-22T02:02:00Z,2026-08-24T00:28:00Z
pay-000486,pay_1006801,S-10068,493860,9877,1778,2026-08-22T06:02:00Z,2026-08-24T00:28:00Z
pay-000487,pay_1006802,S-10068,2300138,46003,8281,2026-08-22T02:02:00Z,2026-08-24T00:28:00Z
pay-000488,pay_1006803,S-10068,1576103,31522,5674,2026-08-22T16:02:00Z,2026-08-24T00:28:00Z
pay-000489,pay_1006804,S-10068,244304,4886,879,2026-08-22T01:02:00Z,2026-08-24T00:28:00Z
pay-000490,pay_1006805,S-10068,720752,14415,2595,2026-08-22T12:02:00Z,2026-08-24T00:28:00Z
pay-000491,pay_1006806,S-10068,263256,5265,948,2026-08-22T22:02:00Z,2026-08-24T00:28:00Z
pay-000492,pay_1006807,S-10068,292717,5854,1054,2026-08-22T15:02:00Z,2026-08-24T00:28:00Z
pay-000493,pay_1006808,S-10068,488206,9764,1758,2026-08-21T21:02:00Z,2026-08-24T00:28:00Z
pay-000494,pay_1006809,S-10068,777187,15544,2798,2026-08-23T15:02:00Z,2026-08-24T00:28:00Z
pay-000495,pay_1006810,S-10068,258896,5178,932,2026-08-23T16:02:00Z,2026-08-24T00:28:00Z
pay-000496,pay_1006900,S-10069,661826,13237,2383,2026-08-23T19:48:00Z,2026-08-24T18:30:00Z
pay-000497,pay_1006901,S-10069,889163,17783,3201,2026-08-23T16:48:00Z,2026-08-24T18:30:00Z
pay-000498,pay_1006902,S-10069,967818,19356,3484,2026-08-23T04:48:00Z,2026-08-24T18:30:00Z
pay-000499,pay_1006903,S-10069,839943,16799,3024,2026-08-23T10:48:00Z,2026-08-24T18:30:00Z
pay-000500,pay_1006904,S-10069,265122,5302,954,2026-08-23T07:48:00Z,2026-08-24T18:30:00Z
pay-000501,pay_1007000,S-10070,1346838,26937,4849,2026-08-01T19:57:00Z,2026-08-02T17:36:00Z
pay-000502,pay_1007001,S-10070,2278918,45578,8204,2026-07-31T13:57:00Z,2026-08-02T17:36:00Z
pay-000503,pay_1007002,S-10070,184888,3698,666,2026-07-31T14:57:00Z,2026-08-02T17:36:00Z
pay-000504,pay_1007003,S-10070,1667165,33343,6002,2026-07-31T17:57:00Z,2026-08-02T17:36:00Z
pay-000505,pay_1007004,S-10070,2164388,43288,7792,2026-08-01T21:57:00Z,2026-08-02T17:36:00Z
pay-000506,pay_1007005,S-10070,471804,9436,1698,2026-08-01T00:57:00Z,2026-08-02T17:36:00Z
pay-000507,pay_1007006,S-10070,177809,3556,640,2026-07-31T23:57:00Z,2026-08-02T17:36:00Z
pay-000508,pay_1007007,S-10070,1231494,24630,4433,2026-08-01T01:57:00Z,2026-08-02T17:36:00Z
pay-000509,pay_1007100,S-10071,894212,17884,3219,2026-08-02T13:50:00Z,2026-08-03T09:43:00Z
pay-000510,pay_1007101,S-10071,1480850,29617,5331,2026-08-01T09:50:00Z,2026-08-03T09:43:00Z
pay-000511,pay_1007102,S-10071,2413356,48267,8688,2026-08-02T00:50:00Z,2026-08-03T09:43:00Z
pay-000512,pay_1007103,S-10071,1486214,29724,5350,2026-08-02T10:50:00Z,2026-08-03T09:43:00Z
pay-000513,pay_1007104,S-10071,2291201,45824,8248,2026-08-01T10:50:00Z,2026-08-03T09:43:00Z
pay-000514,pay_1007105,S-10071,2431459,48629,8753,2026-08-02T13:50:00Z,2026-08-03T09:43:00Z
pay-000515,pay_1007106,S-10071,1808233,36165,6510,2026-08-02T21:50:00Z,2026-08-03T09:43:00Z
pay-000516,pay_1007107,S-10071,2053956,41079,7394,2026-08-02T20:50:00Z,2026-08-03T09:43:00Z
pay-000517,pay_1007108,S-10071,2231866,44637,8035,2026-08-03T00:50:00Z,2026-08-03T09:43:00Z
pay-000518,pay_1007109,S-10071,1497196,29944,5390,2026-08-01T07:50:00Z,2026-08-03T09:43:00Z
pay-000519,pay_1007110,S-10071,762028,15241,2743,2026-08-02T06:50:00Z,2026-08-03T09:43:00Z
pay-000520,pay_1007111,S-10071,1555858,31117,5601,2026-08-01T08:50:00Z,2026-08-03T09:43:00Z
pay-000521,pay_1007200,S-10072,1752168,35043,6308,2026-08-02T12:14:00Z,2026-08-04T14:45:00Z
pay-000522,pay_1007201,S-10072,221556,4431,798,2026-08-03T14:14:00Z,2026-08-04T14:45:00Z
pay-000523,pay_1007202,S-10072,2230130,44603,8029,2026-08-03T22:14:00Z,2026-08-04T14:45:00Z
pay-000524,pay_1007203,S-10072,1478697,29574,5323,2026-08-03T18:14:00Z,2026-08-04T14:45:00Z
pay-000525,pay_1007204,S-10072,2485385,49708,8947,2026-08-03T04:14:00Z,2026-08-04T14:45:00Z
pay-000526,pay_1007205,S-10072,2225552,44511,8012,2026-08-03T16:14:00Z,2026-08-04T14:45:00Z
pay-000527,pay_1007206,S-10072,216620,4332,780,2026-08-02T18:14:00Z,2026-08-04T14:45:00Z
pay-000528,pay_1007207,S-10072,1067487,21350,3843,2026-08-02T19:14:00Z,2026-08-04T14:45:00Z
pay-000529,pay_1007208,S-10072,1381526,27631,4974,2026-08-03T18:14:00Z,2026-08-04T14:45:00Z
pay-000530,pay_1007209,S-10072,2064031,41281,7431,2026-08-03T08:14:00Z,2026-08-04T14:45:00Z
pay-000531,pay_1007300,S-10073,679113,13582,2445,2026-08-04T16:55:00Z,2026-08-08T12:53:00Z
pay-000532,pay_1007301,S-10073,2057021,41140,7405,2026-08-04T21:55:00Z,2026-08-08T12:53:00Z
pay-000533,pay_1007302,S-10073,700447,14009,2522,2026-08-04T13:55:00Z,2026-08-08T12:53:00Z
pay-000534,pay_1007303,S-10073,289307,5786,1041,2026-08-04T21:55:00Z,2026-08-08T12:53:00Z
pay-000535,pay_1007304,S-10073,1134055,22681,4083,2026-08-04T12:55:00Z,2026-08-08T12:53:00Z
pay-000536,pay_1007400,S-10074,1431360,28627,5153,2026-08-05T10:03:00Z,2026-08-06T23:32:00Z
pay-000537,pay_1007401,S-10074,131755,2635,474,2026-08-06T10:03:00Z,2026-08-06T23:32:00Z
pay-000538,pay_1007402,S-10074,1970807,39416,7095,2026-08-06T08:03:00Z,2026-08-06T23:32:00Z
pay-000539,pay_1007403,S-10074,105544,2111,380,2026-08-05T20:03:00Z,2026-08-06T23:32:00Z
pay-000540,pay_1007404,S-10074,812542,16251,2925,2026-08-05T18:03:00Z,2026-08-06T23:32:00Z
pay-000541,pay_1007405,S-10074,1960850,39217,7059,2026-08-05T03:03:00Z,2026-08-06T23:32:00Z
pay-000542,pay_1007406,S-10074,2189400,43788,7882,2026-08-04T23:03:00Z,2026-08-06T23:32:00Z
pay-000543,pay_1007407,S-10074,2212681,44254,7966,2026-08-06T06:03:00Z,2026-08-06T23:32:00Z
pay-000544,pay_1007408,S-10074,764560,15291,2752,2026-08-06T15:03:00Z,2026-08-06T23:32:00Z
pay-000545,pay_1007500,S-10075,2136402,42728,7691,2026-08-06T07:46:00Z,2026-08-07T12:40:00Z
pay-000546,pay_1007501,S-10075,1575989,31520,5674,2026-08-06T21:46:00Z,2026-08-07T12:40:00Z
pay-000547,pay_1007502,S-10075,947927,18959,3413,2026-08-05T21:46:00Z,2026-08-07T12:40:00Z
pay-000548,pay_1007503,S-10075,1119522,22390,4030,2026-08-05T23:46:00Z,2026-08-07T12:40:00Z
pay-000549,pay_1007600,S-10076,2028516,40570,7303,2026-08-06T22:47:00Z,2026-08-08T15:31:00Z
pay-000550,pay_1007601,S-10076,1432890,28658,5158,2026-08-07T06:47:00Z,2026-08-08T15:31:00Z
pay-000551,pay_1007602,S-10076,2005029,40101,7218,2026-08-06T20:47:00Z,2026-08-08T15:31:00Z
pay-000552,pay_1007603,S-10076,892473,17849,3213,2026-08-08T02:47:00Z,2026-08-08T15:31:00Z
pay-000553,pay_1007604,S-10076,381033,7621,1372,2026-08-07T20:47:00Z,2026-08-08T15:31:00Z
pay-000554,pay_1007605,S-10076,163485,3270,589,2026-08-07T10:47:00Z,2026-08-08T15:31:00Z
pay-000555,pay_1007606,S-10076,1336773,26735,4812,2026-08-06T11:47:00Z,2026-08-08T15:31:00Z
pay-000556,pay_1007607,S-10076,147671,2953,532,2026-08-07T00:47:00Z,2026-08-08T15:31:00Z
pay-000557,pay_1007608,S-10076,642908,12858,2314,2026-08-06T10:47:00Z,2026-08-08T15:31:00Z
pay-000558,pay_1007700,S-10077,1736673,34733,6252,2026-08-08T23:24:00Z,2026-08-09T12:10:00Z
pay-000559,pay_1007701,S-10077,1535894,30718,5529,2026-08-07T08:24:00Z,2026-08-09T12:10:00Z
pay-000560,pay_1007702,S-10077,417818,8356,1504,2026-08-08T16:24:00Z,2026-08-09T12:10:00Z
pay-000561,pay_1007703,S-10077,877428,17549,3159,2026-08-08T03:24:00Z,2026-08-09T12:10:00Z
pay-000562,pay_1007704,S-10077,2028067,40561,7301,2026-08-07T08:24:00Z,2026-08-09T12:10:00Z
pay-000563,pay_1007705,S-10077,995845,19917,3585,2026-08-08T20:24:00Z,2026-08-09T12:10:00Z
pay-000564,pay_1007706,S-10077,108968,2179,392,2026-08-08T03:24:00Z,2026-08-09T12:10:00Z
pay-000565,pay_1007707,S-10077,2236200,44724,8050,2026-08-08T09:24:00Z,2026-08-09T12:10:00Z
pay-000566,pay_1007708,S-10077,730002,14600,2628,2026-08-08T20:24:00Z,2026-08-09T12:10:00Z
pay-000567,pay_1007709,S-10077,989093,19782,3561,2026-08-08T06:24:00Z,2026-08-09T12:10:00Z
pay-000568,pay_1007710,S-10077,1827595,36552,6579,2026-08-08T03:24:00Z,2026-08-09T12:10:00Z
pay-000569,pay_1007800,S-10078,654998,13100,2358,2026-08-08T05:52:00Z,2026-08-10T07:46:00Z
pay-000570,pay_1007801,S-10078,165576,3312,596,2026-08-08T14:52:00Z,2026-08-10T07:46:00Z
pay-000571,pay_1007802,S-10078,1048690,20974,3775,2026-08-08T05:52:00Z,2026-08-10T07:46:00Z
pay-000572,pay_1007803,S-10078,844649,16893,3041,2026-08-08T23:52:00Z,2026-08-10T07:46:00Z
pay-000573,pay_1007804,S-10078,692084,13842,2492,2026-08-09T08:52:00Z,2026-08-10T07:46:00Z
pay-000574,pay_1007805,S-10078,942182,18844,3392,2026-08-09T02:52:00Z,2026-08-10T07:46:00Z
pay-000575,pay_1007806,S-10078,542155,10843,1952,2026-08-08T13:52:00Z,2026-08-10T07:46:00Z
pay-000576,pay_1007807,S-10078,2462891,49258,8866,2026-08-08T08:52:00Z,2026-08-10T07:46:00Z
pay-000577,pay_1007900,S-10079,1187830,23757,4276,2026-08-11T10:08:00Z,2026-08-11T23:41:00Z
pay-000578,pay_1007901,S-10079,1290672,25813,4646,2026-08-10T21:08:00Z,2026-08-11T23:41:00Z
pay-000579,pay_1007902,S-10079,472965,9459,1703,2026-08-10T12:08:00Z,2026-08-11T23:41:00Z
pay-000580,pay_1007903,S-10079,105163,2103,379,2026-08-10T06:08:00Z,2026-08-11T23:41:00Z
pay-000581,pay_1007904,S-10079,68344,1367,246,2026-08-11T08:08:00Z,2026-08-11T23:41:00Z
pay-000582,pay_1007905,S-10079,1567824,31356,5644,2026-08-11T02:08:00Z,2026-08-11T23:41:00Z
pay-000583,pay_1007906,S-10079,811866,16237,2923,2026-08-11T09:08:00Z,2026-08-11T23:41:00Z
pay-000584,pay_1007907,S-10079,1222932,24459,4403,2026-08-10T23:08:00Z,2026-08-11T23:41:00Z
pay-000585,pay_1007908,S-10079,1512727,30255,5446,2026-08-11T16:08:00Z,2026-08-11T23:41:00Z
pay-000586,pay_1007909,S-10079,505118,10102,1818,2026-08-10T03:08:00Z,2026-08-11T23:41:00Z
pay-000587,pay_1007910,S-10079,784132,15683,2823,2026-08-10T00:08:00Z,2026-08-11T23:41:00Z
pay-000588,pay_1007911,S-10079,1643014,32860,5915,2026-08-10T15:08:00Z,2026-08-11T23:41:00Z
pay-000589,pay_1008000,S-10080,624965,12499,2250,2026-08-12T09:05:00Z,2026-08-12T22:57:00Z
pay-000590,pay_1008001,S-10080,1388528,27771,4999,2026-08-11T14:05:00Z,2026-08-12T22:57:00Z
pay-000591,pay_1008002,S-10080,766601,15332,2760,2026-08-11T13:05:00Z,2026-08-12T22:57:00Z
pay-000592,pay_1008003,S-10080,1103901,22078,3974,2026-08-12T16:05:00Z,2026-08-12T22:57:00Z
pay-000593,pay_1008004,S-10080,2127342,42547,7658,2026-08-11T10:05:00Z,2026-08-12T22:57:00Z
pay-000594,pay_1008005,S-10080,420877,8418,1515,2026-08-10T22:05:00Z,2026-08-12T22:57:00Z
pay-000595,pay_1008006,S-10080,68522,1370,247,2026-08-11T16:05:00Z,2026-08-12T22:57:00Z
pay-000596,pay_1008007,S-10080,1280845,25617,4611,2026-08-11T20:05:00Z,2026-08-12T22:57:00Z
pay-000597,pay_1008008,S-10080,902869,18057,3250,2026-08-11T05:05:00Z,2026-08-12T22:57:00Z
pay-000598,pay_1008009,S-10080,352464,7049,1269,2026-08-10T19:05:00Z,2026-08-12T22:57:00Z
pay-000599,pay_1008010,S-10080,2247247,44945,8090,2026-08-10T19:05:00Z,2026-08-12T22:57:00Z
pay-000600,pay_1008011,S-10080,1890092,37802,6804,2026-08-12T03:05:00Z,2026-08-12T22:57:00Z
pay-000601,pay_1008100,S-10081,598148,11963,2153,2026-08-13T06:53:00Z,2026-08-13T18:05:00Z
pay-000602,pay_1008101,S-10081,1809374,36187,6514,2026-08-12T23:53:00Z,2026-08-13T18:05:00Z
pay-000603,pay_1008102,S-10081,1551226,31025,5584,2026-08-12T22:53:00Z,2026-08-13T18:05:00Z
pay-000604,pay_1008103,S-10081,709243,14185,2553,2026-08-13T03:53:00Z,2026-08-13T18:05:00Z
pay-000605,pay_1008104,S-10081,58998,1180,212,2026-08-12T18:53:00Z,2026-08-13T18:05:00Z
pay-000606,pay_1008105,S-10081,1478798,29576,5324,2026-08-12T20:53:00Z,2026-08-13T18:05:00Z
pay-000607,pay_1008106,S-10081,1089515,21790,3922,2026-08-12T08:53:00Z,2026-08-13T18:05:00Z
pay-000608,pay_1008107,S-10081,1901326,38027,6845,2026-08-12T04:53:00Z,2026-08-13T18:05:00Z
pay-000609,pay_1008108,S-10081,2202610,44052,7929,2026-08-12T15:53:00Z,2026-08-13T18:05:00Z
pay-000610,pay_1008109,S-10081,2130484,42610,7670,2026-08-12T22:53:00Z,2026-08-13T18:05:00Z
pay-000611,pay_1008110,S-10081,1295933,25919,4665,2026-08-13T07:53:00Z,2026-08-13T18:05:00Z
pay-000612,pay_1008200,S-10082,328656,6573,1183,2026-08-14T03:20:00Z,2026-08-15T07:57:00Z
pay-000613,pay_1008201,S-10082,544664,10893,1961,2026-08-13T10:20:00Z,2026-08-15T07:57:00Z
pay-000614,pay_1008202,S-10082,2367618,47352,8523,2026-08-13T06:20:00Z,2026-08-15T07:57:00Z
pay-000615,pay_1008203,S-10082,585927,11719,2109,2026-08-12T23:20:00Z,2026-08-15T07:57:00Z
pay-000616,pay_1008300,S-10083,2045044,40901,7362,2026-08-13T12:06:00Z,2026-08-15T07:52:00Z
pay-000617,pay_1008301,S-10083,752892,15058,2710,2026-08-13T16:06:00Z,2026-08-15T07:52:00Z
pay-000618,pay_1008302,S-10083,985866,19717,3549,2026-08-14T23:06:00Z,2026-08-15T07:52:00Z
pay-000619,pay_1008303,S-10083,1036215,20724,3730,2026-08-14T11:06:00Z,2026-08-15T07:52:00Z
pay-000620,pay_1008304,S-10083,101913,2038,367,2026-08-13T04:06:00Z,2026-08-15T07:52:00Z
pay-000621,pay_1008305,S-10083,1348385,26968,4854,2026-08-13T18:06:00Z,2026-08-15T07:52:00Z
pay-000622,pay_1008306,S-10083,118774,2375,428,2026-08-14T05:06:00Z,2026-08-15T07:52:00Z
pay-000623,pay_1008307,S-10083,2131588,42632,7674,2026-08-14T21:06:00Z,2026-08-15T07:52:00Z
pay-000624,pay_1008308,S-10083,649392,12988,2338,2026-08-13T09:06:00Z,2026-08-15T07:52:00Z
pay-000625,pay_1008309,S-10083,720841,14417,2595,2026-08-13T18:06:00Z,2026-08-15T07:52:00Z
pay-000626,pay_1008400,S-10084,2128824,42576,7664,2026-08-14T18:03:00Z,2026-08-16T12:54:00Z
pay-000627,pay_1008401,S-10084,1171351,23427,4217,2026-08-14T18:03:00Z,2026-08-16T12:54:00Z
pay-000628,pay_1008402,S-10084,356773,7135,1284,2026-08-15T19:03:00Z,2026-08-16T12:54:00Z
pay-000629,pay_1008403,S-10084,1518605,30372,5467,2026-08-14T12:03:00Z,2026-08-16T12:54:00Z
pay-000630,pay_1008404,S-10084,2088430,41769,7518,2026-08-14T15:03:00Z,2026-08-16T12:54:00Z
pay-000631,pay_1008405,S-10084,532137,10643,1916,2026-08-14T21:03:00Z,2026-08-16T12:54:00Z
pay-000632,pay_1008406,S-10084,1782464,35649,6417,2026-08-15T04:03:00Z,2026-08-16T12:54:00Z
pay-000633,pay_1008407,S-10084,337681,6754,1216,2026-08-15T09:03:00Z,2026-08-16T12:54:00Z
pay-000634,pay_1008408,S-10084,764339,15287,2752,2026-08-14T10:03:00Z,2026-08-16T12:54:00Z
pay-000635,pay_1008409,S-10084,1901585,38032,6846,2026-08-15T21:03:00Z,2026-08-16T12:54:00Z
pay-000636,pay_1008410,S-10084,1337784,26756,4816,2026-08-14T20:03:00Z,2026-08-16T12:54:00Z
pay-000637,pay_1008500,S-10085,2029109,40582,7305,2026-08-16T17:48:00Z,2026-08-17T19:15:00Z
pay-000638,pay_1008501,S-10085,2156560,43131,7764,2026-08-16T08:48:00Z,2026-08-17T19:15:00Z
pay-000639,pay_1008502,S-10085,1679401,33588,6046,2026-08-17T07:48:00Z,2026-08-17T19:15:00Z
pay-000640,pay_1008503,S-10085,1038222,20764,3738,2026-08-17T00:48:00Z,2026-08-17T19:15:00Z
pay-000641,pay_1008504,S-10085,1151695,23034,4146,2026-08-17T00:48:00Z,2026-08-17T19:15:00Z
pay-000642,pay_1008505,S-10085,1460787,29216,5259,2026-08-15T18:48:00Z,2026-08-17T19:15:00Z
pay-000643,pay_1008600,S-10086,2411446,48229,8681,2026-08-17T21:58:00Z,2026-08-20T18:28:00Z
pay-000644,pay_1008601,S-10086,645846,12917,2325,2026-08-17T04:58:00Z,2026-08-20T18:28:00Z
pay-000645,pay_1008602,S-10086,397454,7949,1431,2026-08-17T19:58:00Z,2026-08-20T18:28:00Z
pay-000646,pay_1008603,S-10086,2136333,42727,7691,2026-08-17T10:58:00Z,2026-08-20T18:28:00Z
pay-000647,pay_1008604,S-10086,201767,4035,726,2026-08-17T20:58:00Z,2026-08-20T18:28:00Z
pay-000648,pay_1008605,S-10086,240484,4810,866,2026-08-17T13:58:00Z,2026-08-20T18:28:00Z
pay-000649,pay_1008606,S-10086,601213,12024,2164,2026-08-17T03:58:00Z,2026-08-20T18:28:00Z
pay-000650,pay_1008607,S-10086,1154978,23100,4158,2026-08-17T03:58:00Z,2026-08-20T18:28:00Z
pay-000651,pay_1008608,S-10086,1620138,32403,5833,2026-08-16T17:58:00Z,2026-08-20T18:28:00Z
pay-000652,pay_1008609,S-10086,1417143,28343,5102,2026-08-18T03:58:00Z,2026-08-20T18:28:00Z
pay-000653,pay_1008610,S-10086,1661982,33240,5983,2026-08-17T23:58:00Z,2026-08-20T18:28:00Z
pay-000654,pay_1008700,S-10087,1468271,29365,5286,2026-08-17T23:54:00Z,2026-08-20T03:08:00Z
pay-000655,pay_1008701,S-10087,1467494,29350,5283,2026-08-19T13:54:00Z,2026-08-20T03:08:00Z
pay-000656,pay_1008702,S-10087,1131353,22627,4073,2026-08-18T04:54:00Z,2026-08-20T03:08:00Z
pay-000657,pay_1008703,S-10087,490397,9808,1765,2026-08-19T01:54:00Z,2026-08-20T03:08:00Z
pay-000658,pay_1008704,S-10087,386380,7728,1391,2026-08-18T03:54:00Z,2026-08-20T03:08:00Z
pay-000659,pay_1008705,S-10087,1814958,36299,6534,2026-08-18T09:54:00Z,2026-08-20T03:08:00Z
pay-000660,pay_1008706,S-10087,2252674,45053,8110,2026-08-19T16:54:00Z,2026-08-20T03:08:00Z
pay-000661,pay_1008707,S-10087,1617273,32345,5822,2026-08-19T10:54:00Z,2026-08-20T03:08:00Z
pay-000662,pay_1008708,S-10087,207318,4146,746,2026-08-18T09:54:00Z,2026-08-20T03:08:00Z
pay-000663,pay_1008709,S-10087,1251119,25022,4504,2026-08-19T07:54:00Z,2026-08-20T03:08:00Z
pay-000664,pay_1008710,S-10087,1440007,28800,5184,2026-08-19T00:54:00Z,2026-08-20T03:08:00Z
pay-000665,pay_1008800,S-10088,954958,19099,3438,2026-08-15T01:19:00Z,2026-08-16T23:47:00Z
pay-000666,pay_1008801,S-10088,1273320,25466,4584,2026-08-15T01:19:00Z,2026-08-16T23:47:00Z
pay-000667,pay_1008802,S-10088,1500474,30009,5402,2026-08-15T05:19:00Z,2026-08-16T23:47:00Z
pay-000668,pay_1008803,S-10088,830257,16605,2989,2026-08-14T19:19:00Z,2026-08-16T23:47:00Z
pay-000669,pay_1008900,S-10089,1704901,34098,6138,2026-08-17T18:27:00Z,2026-08-18T02:22:00Z
pay-000670,pay_1008901,S-10089,1681412,33628,6053,2026-08-16T13:27:00Z,2026-08-18T02:22:00Z
pay-000671,pay_1008902,S-10089,519749,10395,1871,2026-08-16T08:27:00Z,2026-08-18T02:22:00Z
pay-000672,pay_1008903,S-10089,1925394,38508,6931,2026-08-16T07:27:00Z,2026-08-18T02:22:00Z
pay-000673,pay_1008904,S-10089,1941209,38824,6988,2026-08-16T22:27:00Z,2026-08-18T02:22:00Z
pay-000674,pay_1008905,S-10089,1428747,28575,5144,2026-08-16T19:27:00Z,2026-08-18T02:22:00Z
pay-000675,pay_1008906,S-10089,1775908,35518,6393,2026-08-16T22:27:00Z,2026-08-18T02:22:00Z
pay-000676,pay_1008907,S-10089,1736407,34728,6251,2026-08-16T19:27:00Z,2026-08-18T02:22:00Z
pay-000677,pay_1009000,S-10090,454585,9092,1637,2026-08-22T04:35:00Z,2026-08-23T05:57:00Z
pay-000678,pay_1009001,S-10090,118646,2373,427,2026-08-21T05:35:00Z,2026-08-23T05:57:00Z
pay-000679,pay_1009002,S-10090,1666421,33328,5999,2026-08-21T21:35:00Z,2026-08-23T05:57:00Z
pay-000680,pay_1009100,S-10091,1635428,32709,5888,2026-08-22T11:14:00Z,2026-08-26T22:59:00Z
pay-000681,pay_1009101,S-10091,1548637,30973,5575,2026-08-23T06:14:00Z,2026-08-26T22:59:00Z
pay-000682,pay_1009102,S-10091,1741492,34830,6269,2026-08-22T08:14:00Z,2026-08-26T22:59:00Z
pay-000683,pay_1009103,S-10091,1025893,20518,3693,2026-08-22T06:14:00Z,2026-08-26T22:59:00Z
pay-000684,pay_1009104,S-10091,1541759,30835,5550,2026-08-23T13:14:00Z,2026-08-26T22:59:00Z
pay-000685,pay_1009105,S-10091,53085,1062,191,2026-08-22T04:14:00Z,2026-08-26T22:59:00Z
pay-000686,pay_1009106,S-10091,182925,3658,658,2026-08-22T07:14:00Z,2026-08-26T22:59:00Z
pay-000687,pay_1009107,S-10091,236687,4734,852,2026-08-23T07:14:00Z,2026-08-26T22:59:00Z
pay-000688,pay_1009200,S-10092,503802,10076,1814,2026-08-10T17:00:00Z,2026-08-11T17:05:00Z
pay-000689,pay_1009201,S-10092,617686,12354,2224,2026-08-10T02:00:00Z,2026-08-11T17:05:00Z
pay-000690,pay_1009202,S-10092,313000,6260,1127,2026-08-09T16:00:00Z,2026-08-11T17:05:00Z
pay-000691,pay_1009203,S-10092,1501110,30022,5404,2026-08-10T15:00:00Z,2026-08-11T17:05:00Z
pay-000692,pay_1009204,S-10092,1949583,38992,7019,2026-08-10T11:00:00Z,2026-08-11T17:05:00Z
pay-000693,pay_1009205,S-10092,2436970,48739,8773,2026-08-09T16:00:00Z,2026-08-11T17:05:00Z
pay-000694,pay_1009206,S-10092,1473019,29460,5303,2026-08-10T02:00:00Z,2026-08-11T17:05:00Z
pay-000695,pay_1009207,S-10092,640534,12811,2306,2026-08-10T19:00:00Z,2026-08-11T17:05:00Z
pay-000696,pay_1009208,S-10092,2416484,48330,8699,2026-08-09T15:00:00Z,2026-08-11T17:05:00Z
pay-000697,pay_1009209,S-10092,590479,11810,2126,2026-08-11T09:00:00Z,2026-08-11T17:05:00Z
pay-000698,pay_1009210,S-10092,1667773,33355,6004,2026-08-10T18:00:00Z,2026-08-11T17:05:00Z
pay-000699,pay_1009211,S-10092,938334,18767,3378,2026-08-10T16:00:00Z,2026-08-11T17:05:00Z
pay-000700,pay_1009300,S-10093,465716,9314,1677,2026-08-01T16:52:00Z,2026-08-03T00:33:00Z
pay-000701,pay_1009301,S-10093,904705,18094,3257,2026-07-31T23:52:00Z,2026-08-03T00:33:00Z
pay-000702,pay_1009302,S-10093,1730928,34619,6231,2026-08-02T15:52:00Z,2026-08-03T00:33:00Z
pay-000703,pay_1009400,S-10094,740365,14807,2665,2026-08-21T17:27:00Z,2026-08-22T21:54:00Z
pay-000704,pay_1009401,S-10094,790913,15818,2847,2026-08-21T17:27:00Z,2026-08-22T21:54:00Z
pay-000705,pay_1009402,S-10094,132287,2646,476,2026-08-21T03:27:00Z,2026-08-22T21:54:00Z
pay-000706,pay_1009403,S-10094,532723,10654,1918,2026-08-21T01:27:00Z,2026-08-22T21:54:00Z
pay-000707,pay_1009404,S-10094,1562897,31258,5626,2026-08-21T00:27:00Z,2026-08-22T21:54:00Z
pay-000708,pay_1009405,S-10094,1013954,20279,3650,2026-08-22T03:27:00Z,2026-08-22T21:54:00Z
pay-000709,pay_1009406,S-10094,2207611,44152,7947,2026-08-21T01:27:00Z,2026-08-22T21:54:00Z
pay-000710,pay_1009500,S-10095,2466646,49333,8880,2026-08-03T07:58:00Z,2026-08-05T07:10:00Z
pay-000711,pay_1009501,S-10095,585968,11719,2109,2026-08-03T04:58:00Z,2026-08-05T07:10:00Z
pay-000712,pay_1009502,S-10095,353253,7065,1272,2026-08-04T07:58:00Z,2026-08-05T07:10:00Z
pay-000713,pay_1009503,S-10095,703560,14071,2533,2026-08-04T00:58:00Z,2026-08-05T07:10:00Z
pay-000714,pay_1009504,S-10095,265017,5300,954,2026-08-04T19:58:00Z,2026-08-05T07:10:00Z
pay-000715,pay_1009505,S-10095,802398,16048,2889,2026-08-04T19:58:00Z,2026-08-05T07:10:00Z
pay-000716,pay_1009506,S-10095,975828,19517,3513,2026-08-04T07:58:00Z,2026-08-05T07:10:00Z
pay-000717,pay_1009507,S-10095,2051278,41026,7385,2026-08-04T14:58:00Z,2026-08-05T07:10:00Z
pay-000718,pay_1009600,S-10096,1322020,26440,4759,2026-08-04T22:06:00Z,2026-08-05T18:08:00Z
pay-000719,pay_1009601,S-10096,1011383,20228,3641,2026-08-04T00:06:00Z,2026-08-05T18:08:00Z
pay-000720,pay_1009602,S-10096,1793399,35868,6456,2026-08-04T14:06:00Z,2026-08-05T18:08:00Z
pay-000721,pay_1009603,S-10096,1210278,24206,4357,2026-08-03T19:06:00Z,2026-08-05T18:08:00Z
pay-000722,pay_1009604,S-10096,516520,10330,1859,2026-08-05T03:06:00Z,2026-08-05T18:08:00Z
pay-000723,pay_1009605,S-10096,2099878,41998,7560,2026-08-05T02:06:00Z,2026-08-05T18:08:00Z
pay-000724,pay_1009606,S-10096,2306601,46132,8304,2026-08-04T22:06:00Z,2026-08-05T18:08:00Z
pay-000725,pay_1009607,S-10096,1889832,37797,6803,2026-08-04T19:06:00Z,2026-08-05T18:08:00Z
pay-000726,pay_1009608,S-10096,238832,4777,860,2026-08-05T00:06:00Z,2026-08-05T18:08:00Z
pay-000727,pay_1009609,S-10096,71520,1430,257,2026-08-05T00:06:00Z,2026-08-05T18:08:00Z
pay-000728,pay_1009610,S-10096,971041,19421,3496,2026-08-04T20:06:00Z,2026-08-05T18:08:00Z
pay-000729,pay_1009700,S-10097,2078030,41561,7481,2026-08-05T15:55:00Z,2026-08-06T09:18:00Z
pay-000730,pay_1009701,S-10097,396301,7926,1427,2026-08-05T17:55:00Z,2026-08-06T09:18:00Z
pay-000731,pay_1009702,S-10097,1074668,21493,3869,2026-08-05T07:55:00Z,2026-08-06T09:18:00Z
pay-000732,pay_1009703,S-10097,157363,3147,566,2026-08-05T07:55:00Z,2026-08-06T09:18:00Z
pay-000733,pay_1009704,S-10097,499612,9992,1799,2026-08-04T17:55:00Z,2026-08-06T09:18:00Z
pay-000734,pay_1009705,S-10097,2324961,46499,8370,2026-08-04T12:55:00Z,2026-08-06T09:18:00Z
pay-000735,pay_1009706,S-10097,277547,5551,999,2026-08-05T15:55:00Z,2026-08-06T09:18:00Z
pay-000736,pay_1009707,S-10097,1642653,32853,5914,2026-08-05T18:55:00Z,2026-08-06T09:18:00Z
pay-000737,pay_1009708,S-10097,1900581,38012,6842,2026-08-05T10:55:00Z,2026-08-06T09:18:00Z
pay-000738,pay_1009800,S-10098,1280995,25620,4612,2026-08-06T04:33:00Z,2026-08-08T02:13:00Z
pay-000739,pay_1009801,S-10098,1151088,23022,4144,2026-08-06T21:33:00Z,2026-08-08T02:13:00Z
pay-000740,pay_1009802,S-10098,564765,11295,2033,2026-08-07T13:33:00Z,2026-08-08T02:13:00Z
pay-000741,pay_1009803,S-10098,1372056,27441,4939,2026-08-06T11:33:00Z,2026-08-08T02:13:00Z
pay-000742,pay_1009804,S-10098,1425561,28511,5132,2026-08-07T11:33:00Z,2026-08-08T02:13:00Z
pay-000743,pay_1009805,S-10098,1473050,29461,5303,2026-08-07T16:33:00Z,2026-08-08T02:13:00Z
pay-000744,pay_1009900,S-10099,792872,15857,2854,2026-08-07T09:43:00Z,2026-08-08T11:09:00Z
pay-000745,pay_1009901,S-10099,594698,11894,2141,2026-08-06T14:43:00Z,2026-08-08T11:09:00Z
pay-000746,pay_1009902,S-10099,997265,19945,3590,2026-08-06T14:43:00Z,2026-08-08T11:09:00Z
pay-000747,pay_1009903,S-10099,2033335,40667,7320,2026-08-06T16:43:00Z,2026-08-08T11:09:00Z
pay-000748,pay_1009904,S-10099,2344097,46882,8439,2026-08-07T17:43:00Z,2026-08-08T11:09:00Z
pay-000749,pay_1010000,S-10100,1336686,26734,4812,2026-08-07T20:33:00Z,2026-08-09T21:40:00Z
pay-000750,pay_1010001,S-10100,754032,15081,2715,2026-08-09T04:33:00Z,2026-08-09T21:40:00Z
pay-000751,pay_1010002,S-10100,1711826,34237,6163,2026-08-08T03:33:00Z,2026-08-09T21:40:00Z
pay-000752,pay_1010003,S-10100,1423832,28477,5126,2026-08-08T13:33:00Z,2026-08-09T21:40:00Z
pay-000753,pay_1010004,S-10100,706251,14125,2542,2026-08-07T20:33:00Z,2026-08-09T21:40:00Z
pay-000754,pay_1010005,S-10100,1450576,29012,5222,2026-08-08T18:33:00Z,2026-08-09T21:40:00Z
pay-000755,pay_1010006,S-10100,179172,3583,645,2026-08-08T11:33:00Z,2026-08-09T21:40:00Z
pay-000756,pay_1010007,S-10100,249527,4991,898,2026-08-09T03:33:00Z,2026-08-09T21:40:00Z
pay-000757,pay_1010008,S-10100,685778,13716,2469,2026-08-08T08:33:00Z,2026-08-09T21:40:00Z
pay-000758,pay_1010009,S-10100,2366419,47328,8519,2026-08-07T23:33:00Z,2026-08-09T21:40:00Z
pay-000759,pay_1010010,S-10100,1627064,32541,5857,2026-08-08T20:33:00Z,2026-08-09T21:40:00Z
pay-000760,pay_1010011,S-10100,1630288,32606,5869,2026-08-08T14:33:00Z,2026-08-09T21:40:00Z
pay-000761,pay_1010100,S-10101,1320217,26404,4753,2026-08-10T14:00:00Z,2026-08-11T04:56:00Z
pay-000762,pay_1010101,S-10101,572371,11447,2060,2026-08-09T23:00:00Z,2026-08-11T04:56:00Z
pay-000763,pay_1010102,S-10101,982470,19649,3537,2026-08-10T05:00:00Z,2026-08-11T04:56:00Z
pay-000764,pay_1010103,S-10101,885933,17719,3189,2026-08-09T18:00:00Z,2026-08-11T04:56:00Z
pay-000765,pay_1010104,S-10101,77361,1547,278,2026-08-08T22:00:00Z,2026-08-11T04:56:00Z
pay-000766,pay_1010105,S-10101,1905045,38101,6858,2026-08-09T06:00:00Z,2026-08-11T04:56:00Z
pay-000767,pay_1010106,S-10101,202467,4049,729,2026-08-10T02:00:00Z,2026-08-11T04:56:00Z
pay-000768,pay_1010107,S-10101,1364782,27296,4913,2026-08-10T01:00:00Z,2026-08-11T04:56:00Z
pay-000769,pay_1010108,S-10101,510958,10219,1839,2026-08-09T12:00:00Z,2026-08-11T04:56:00Z
pay-000770,pay_1010109,S-10101,512108,10242,1844,2026-08-09T13:00:00Z,2026-08-11T04:56:00Z
pay-000771,pay_1010200,S-10102,603400,12068,2172,2026-08-10T20:10:00Z,2026-08-11T14:28:00Z
pay-000772,pay_1010201,S-10102,444040,8881,1599,2026-08-09T23:10:00Z,2026-08-11T14:28:00Z
pay-000773,pay_1010202,S-10102,1201759,24035,4326,2026-08-10T07:10:00Z,2026-08-11T14:28:00Z
pay-000774,pay_1010203,S-10102,1405415,28108,5059,2026-08-11T05:10:00Z,2026-08-11T14:28:00Z
pay-000775,pay_1010204,S-10102,94477,1890,340,2026-08-09T22:10:00Z,2026-08-11T14:28:00Z
pay-000776,pay_1010205,S-10102,1237102,24742,4454,2026-08-11T01:10:00Z,2026-08-11T14:28:00Z
pay-000777,pay_1010206,S-10102,1056739,21135,3804,2026-08-11T06:10:00Z,2026-08-11T14:28:00Z
pay-000778,pay_1010207,S-10102,607111,12142,2186,2026-08-10T15:10:00Z,2026-08-11T14:28:00Z
pay-000779,pay_1010300,S-10103,2268574,45371,8167,2026-08-10T23:03:00Z,2026-08-15T05:21:00Z
pay-000780,pay_1010301,S-10103,1185993,23720,4270,2026-08-11T01:03:00Z,2026-08-15T05:21:00Z
pay-000781,pay_1010302,S-10103,1903294,38066,6852,2026-08-11T17:03:00Z,2026-08-15T05:21:00Z
pay-000782,pay_1010303,S-10103,805538,16111,2900,2026-08-11T04:03:00Z,2026-08-15T05:21:00Z
pay-000783,pay_1010304,S-10103,641238,12825,2308,2026-08-11T13:03:00Z,2026-08-15T05:21:00Z
pay-000784,pay_1010305,S-10103,1185933,23719,4269,2026-08-11T22:03:00Z,2026-08-15T05:21:00Z
pay-000785,pay_1010306,S-10103,2112340,42247,7604,2026-08-10T18:03:00Z,2026-08-15T05:21:00Z
pay-000786,pay_1010307,S-10103,2321959,46439,8359,2026-08-10T20:03:00Z,2026-08-15T05:21:00Z
pay-000787,pay_1010308,S-10103,1868520,37370,6727,2026-08-10T23:03:00Z,2026-08-15T05:21:00Z
pay-000788,pay_1010400,S-10104,2277662,45553,8200,2026-08-13T08:51:00Z,2026-08-14T01:53:00Z
pay-000789,pay_1010401,S-10104,826238,16525,2974,2026-08-12T00:51:00Z,2026-08-14T01:53:00Z
pay-000790,pay_1010402,S-10104,2004001,40080,7214,2026-08-12T11:51:00Z,2026-08-14T01:53:00Z
pay-000791,pay_1010403,S-10104,1304670,26093,4697,2026-08-13T03:51:00Z,2026-08-14T01:53:00Z
pay-000792,pay_1010404,S-10104,855170,17103,3079,2026-08-13T15:51:00Z,2026-08-14T01:53:00Z
pay-000793,pay_1010500,S-10105,243142,4863,875,2026-08-13T21:28:00Z,2026-08-15T02:01:00Z
pay-000794,pay_1010501,S-10105,2381579,47632,8574,2026-08-14T04:28:00Z,2026-08-15T02:01:00Z
pay-000795,pay_1010502,S-10105,2081412,41628,7493,2026-08-13T17:28:00Z,2026-08-15T02:01:00Z
pay-000796,pay_1010503,S-10105,1988789,39776,7160,2026-08-14T15:28:00Z,2026-08-15T02:01:00Z
pay-000797,pay_1010504,S-10105,319882,6398,1152,2026-08-14T07:28:00Z,2026-08-15T02:01:00Z
pay-000798,pay_1010505,S-10105,183332,3667,660,2026-08-13T16:28:00Z,2026-08-15T02:01:00Z
pay-000799,pay_1010506,S-10105,2374677,47494,8549,2026-08-13T10:28:00Z,2026-08-15T02:01:00Z
pay-000800,pay_1010507,S-10105,1943369,38867,6996,2026-08-14T14:28:00Z,2026-08-15T02:01:00Z
pay-000801,pay_1010600,S-10106,817681,16354,2944,2026-08-01T18:14:00Z,2026-08-02T14:43:00Z
pay-000802,pay_1010601,S-10106,1850047,37001,6660,2026-08-01T20:14:00Z,2026-08-02T14:43:00Z
pay-000803,pay_1010602,S-10106,1615382,32308,5815,2026-07-31T15:14:00Z,2026-08-02T14:43:00Z
pay-000804,pay_1010603,S-10106,54480,1090,196,2026-08-01T15:14:00Z,2026-08-02T14:43:00Z
pay-000805,pay_1010700,S-10107,1030589,20612,3710,2026-08-15T18:41:00Z,2026-08-16T23:24:00Z
pay-000806,pay_1010701,S-10107,705516,14110,2540,2026-08-16T15:41:00Z,2026-08-16T23:24:00Z
pay-000807,pay_1010702,S-10107,1637746,32755,5896,2026-08-14T23:41:00Z,2026-08-16T23:24:00Z
pay-000808,pay_1010703,S-10107,1211598,24232,4362,2026-08-16T01:41:00Z,2026-08-16T23:24:00Z
pay-000809,pay_1010704,S-10107,2320240,46405,8353,2026-08-16T07:41:00Z,2026-08-16T23:24:00Z
pay-000810,pay_1010705,S-10107,1821813,36436,6558,2026-08-16T09:41:00Z,2026-08-16T23:24:00Z
pay-000811,pay_1010706,S-10107,1717283,34346,6182,2026-08-15T00:41:00Z,2026-08-16T23:24:00Z
pay-000812,pay_1010707,S-10107,63486,1270,229,2026-08-16T05:41:00Z,2026-08-16T23:24:00Z
pay-000813,pay_1010800,S-10108,505447,10109,1820,2026-08-17T05:53:00Z,2026-08-17T11:25:00Z
pay-000814,pay_1010801,S-10108,1967931,39359,7085,2026-08-15T15:53:00Z,2026-08-17T11:25:00Z
pay-000815,pay_1010802,S-10108,401295,8026,1445,2026-08-17T02:53:00Z,2026-08-17T11:25:00Z
pay-000816,pay_1010803,S-10108,225687,4514,813,2026-08-15T12:53:00Z,2026-08-17T11:25:00Z
pay-000817,pay_1010900,S-10109,899115,17982,3237,2026-08-17T10:23:00Z,2026-08-18T22:30:00Z
pay-000818,pay_1010901,S-10109,540261,10805,1945,2026-08-17T22:23:00Z,2026-08-18T22:30:00Z
pay-000819,pay_1010902,S-10109,609328,12187,2194,2026-08-17T20:23:00Z,2026-08-18T22:30:00Z
pay-000820,pay_1010903,S-10109,1073150,21463,3863,2026-08-18T08:23:00Z,2026-08-18T22:30:00Z
pay-000821,pay_1010904,S-10109,1302998,26060,4691,2026-08-18T00:23:00Z,2026-08-18T22:30:00Z
pay-000822,pay_1010905,S-10109,1214697,24294,4373,2026-08-17T18:23:00Z,2026-08-18T22:30:00Z
pay-000823,pay_1010906,S-10109,137151,2743,494,2026-08-17T23:23:00Z,2026-08-18T22:30:00Z
pay-000824,pay_1011000,S-10110,2085301,41706,7507,2026-08-17T19:00:00Z,2026-08-19T21:06:00Z
pay-000825,pay_1011001,S-10110,1368802,27376,4928,2026-08-17T16:00:00Z,2026-08-19T21:06:00Z
pay-000826,pay_1011002,S-10110,1794012,35880,6458,2026-08-18T12:00:00Z,2026-08-19T21:06:00Z
pay-000827,pay_1011003,S-10110,480838,9617,1731,2026-08-19T12:00:00Z,2026-08-19T21:06:00Z
pay-000828,pay_1011004,S-10110,1280798,25616,4611,2026-08-19T04:00:00Z,2026-08-19T21:06:00Z
pay-000829,pay_1011100,S-10111,481627,9633,1734,2026-08-20T02:01:00Z,2026-08-20T07:19:00Z
pay-000830,pay_1011101,S-10111,1591389,31828,5729,2026-08-19T01:01:00Z,2026-08-20T07:19:00Z
pay-000831,pay_1011102,S-10111,2044959,40899,7362,2026-08-19T13:01:00Z,2026-08-20T07:19:00Z
pay-000832,pay_1011103,S-10111,2021650,40433,7278,2026-08-18T19:01:00Z,2026-08-20T07:19:00Z
pay-000833,pay_1011200,S-10112,887320,17746,3194,2026-08-21T01:13:00Z,2026-08-21T16:40:00Z
pay-000834,pay_1011201,S-10112,1651272,33025,5944,2026-08-19T17:13:00Z,2026-08-21T16:40:00Z
pay-000835,pay_1011202,S-10112,2206680,44134,7944,2026-08-21T07:13:00Z,2026-08-21T16:40:00Z
pay-000836,pay_1011203,S-10112,1281610,25632,4614,2026-08-21T09:13:00Z,2026-08-21T16:40:00Z
pay-000837,pay_1011204,S-10112,320724,6414,1155,2026-08-20T09:13:00Z,2026-08-21T16:40:00Z
pay-000838,pay_1011205,S-10112,1486740,29735,5352,2026-08-20T21:13:00Z,2026-08-21T16:40:00Z
pay-000839,pay_1011206,S-10112,577090,11542,2078,2026-08-19T22:13:00Z,2026-08-21T16:40:00Z
pay-000840,pay_1011207,S-10112,2470022,49400,8892,2026-08-20T05:13:00Z,2026-08-21T16:40:00Z
pay-000841,pay_1011208,S-10112,462923,9258,1666,2026-08-21T12:13:00Z,2026-08-21T16:40:00Z
pay-000842,pay_1011209,S-10112,2326021,46520,8374,2026-08-21T02:13:00Z,2026-08-21T16:40:00Z
pay-000843,pay_1011300,S-10113,100731,2015,363,2026-08-21T00:44:00Z,2026-08-22T14:30:00Z
pay-000844,pay_1011301,S-10113,1332613,26652,4797,2026-08-20T23:44:00Z,2026-08-22T14:30:00Z
pay-000845,pay_1011302,S-10113,361429,7229,1301,2026-08-22T01:44:00Z,2026-08-22T14:30:00Z
pay-000846,pay_1011400,S-10114,2209808,44196,7955,2026-08-21T12:48:00Z,2026-08-24T11:34:00Z
pay-000847,pay_1011401,S-10114,1732086,34642,6236,2026-08-21T13:48:00Z,2026-08-24T11:34:00Z
pay-000848,pay_1011402,S-10114,1754621,35092,6317,2026-08-21T18:48:00Z,2026-08-24T11:34:00Z
pay-000849,pay_1011403,S-10114,2182549,43651,7857,2026-08-22T22:48:00Z,2026-08-24T11:34:00Z
pay-000850,pay_1011404,S-10114,1169388,23388,4210,2026-08-22T08:48:00Z,2026-08-24T11:34:00Z
pay-000851,pay_1011405,S-10114,2192682,43854,7894,2026-08-22T16:48:00Z,2026-08-24T11:34:00Z
pay-000852,pay_1011500,S-10115,431271,8625,1552,2026-08-22T19:33:00Z,2026-08-24T15:11:00Z
pay-000853,pay_1011501,S-10115,1801842,36037,6487,2026-08-22T22:33:00Z,2026-08-24T15:11:00Z
pay-000854,pay_1011502,S-10115,277435,5549,999,2026-08-23T06:33:00Z,2026-08-24T15:11:00Z
pay-000855,pay_1011503,S-10115,2022674,40453,7282,2026-08-23T11:33:00Z,2026-08-24T15:11:00Z
pay-000856,pay_1011504,S-10115,335443,6709,1208,2026-08-23T18:33:00Z,2026-08-24T15:11:00Z
pay-000857,pay_1011505,S-10115,1489013,29780,5360,2026-08-23T23:33:00Z,2026-08-24T15:11:00Z
pay-000858,pay_1011506,S-10115,1933390,38668,6960,2026-08-23T16:33:00Z,2026-08-24T15:11:00Z
pay-000859,pay_1011507,S-10115,1980040,39601,7128,2026-08-23T01:33:00Z,2026-08-24T15:11:00Z
pay-000860,pay_1011508,S-10115,544191,10884,1959,2026-08-23T22:33:00Z,2026-08-24T15:11:00Z
pay-000861,pay_1011509,S-10115,1434951,28699,5166,2026-08-23T22:33:00Z,2026-08-24T15:11:00Z
pay-000862,pay_1011510,S-10115,314269,6285,1131,2026-08-23T07:33:00Z,2026-08-24T15:11:00Z
pay-000863,pay_1011511,S-10115,749664,14993,2699,2026-08-23T01:33:00Z,2026-08-24T15:11:00Z
pay-000864,pay_1011600,S-10116,1281893,25638,4615,2026-08-02T08:08:00Z,2026-08-02T20:33:00Z
pay-000865,pay_1011601,S-10116,1580872,31617,5691,2026-08-02T07:08:00Z,2026-08-02T20:33:00Z
pay-000866,pay_1011602,S-10116,2281960,45639,8215,2026-08-02T00:08:00Z,2026-08-02T20:33:00Z
pay-000867,pay_1011700,S-10117,496297,9926,1787,2026-08-01T08:02:00Z,2026-08-03T10:33:00Z
pay-000868,pay_1011701,S-10117,1233834,24677,4442,2026-08-02T11:02:00Z,2026-08-03T10:33:00Z
pay-000869,pay_1011702,S-10117,2383459,47669,8580,2026-08-02T02:02:00Z,2026-08-03T10:33:00Z
pay-000870,pay_1011703,S-10117,470016,9400,1692,2026-08-01T13:02:00Z,2026-08-03T10:33:00Z
pay-000871,pay_1011704,S-10117,441193,8824,1588,2026-08-01T22:02:00Z,2026-08-03T10:33:00Z
pay-000872,pay_1011705,S-10117,1844317,36886,6639,2026-08-01T23:02:00Z,2026-08-03T10:33:00Z
pay-000873,pay_1011706,S-10117,1246041,24921,4486,2026-08-02T22:02:00Z,2026-08-03T10:33:00Z
pay-000874,pay_1011707,S-10117,1983940,39679,7142,2026-08-02T10:02:00Z,2026-08-03T10:33:00Z
pay-000875,pay_1011708,S-10117,2467275,49346,8882,2026-08-02T12:02:00Z,2026-08-03T10:33:00Z
pay-000876,pay_1011800,S-10118,383570,7671,1381,2026-08-02T19:24:00Z,2026-08-06T13:41:00Z
pay-000877,pay_1011801,S-10118,1816361,36327,6539,2026-08-03T03:24:00Z,2026-08-06T13:41:00Z
pay-000878,pay_1011802,S-10118,1309665,26193,4715,2026-08-04T03:24:00Z,2026-08-06T13:41:00Z
pay-000879,pay_1011803,S-10118,683879,13678,2462,2026-08-04T04:24:00Z,2026-08-06T13:41:00Z
pay-000880,pay_1011804,S-10118,727053,14541,2617,2026-08-02T11:24:00Z,2026-08-06T13:41:00Z
pay-000881,pay_1011805,S-10118,929275,18586,3345,2026-08-02T21:24:00Z,2026-08-06T13:41:00Z
pay-000882,pay_1011806,S-10118,363237,7265,1308,2026-08-04T04:24:00Z,2026-08-06T13:41:00Z
pay-000883,pay_1011807,S-10118,1659826,33197,5975,2026-08-02T11:24:00Z,2026-08-06T13:41:00Z
pay-000884,pay_1011808,S-10118,1801920,36038,6487,2026-08-04T04:24:00Z,2026-08-06T13:41:00Z
pay-000885,pay_1011809,S-10118,2246470,44929,8087,2026-08-02T15:24:00Z,2026-08-06T13:41:00Z
pay-000886,pay_1011900,S-10119,340624,6812,1226,2026-08-03T23:43:00Z,2026-08-06T00:38:00Z
pay-000887,pay_1011901,S-10119,1870322,37406,6733,2026-08-04T13:43:00Z,2026-08-06T00:38:00Z
pay-000888,pay_1011902,S-10119,1504257,30085,5415,2026-08-03T22:43:00Z,2026-08-06T00:38:00Z
pay-000889,pay_1011903,S-10119,721229,14425,2596,2026-08-05T08:43:00Z,2026-08-06T00:38:00Z
pay-000890,pay_1011904,S-10119,2060462,41209,7418,2026-08-05T04:43:00Z,2026-08-06T00:38:00Z
pay-000891,pay_1011905,S-10119,1433720,28674,5161,2026-08-04T02:43:00Z,2026-08-06T00:38:00Z
pay-000892,pay_1011906,S-10119,1366431,27329,4919,2026-08-05T05:43:00Z,2026-08-06T00:38:00Z
pay-000893,pay_1012000,S-10120,2180690,43614,7851,2026-08-23T14:08:00Z,2026-08-24T21:23:00Z
pay-000894,pay_1012001,S-10120,2320676,46414,8355,2026-08-23T11:08:00Z,2026-08-24T21:23:00Z
pay-000895,pay_1012002,S-10120,2168173,43363,7805,2026-08-23T07:08:00Z,2026-08-24T21:23:00Z
pay-000896,pay_1012003,S-10120,1739448,34789,6262,2026-08-23T20:08:00Z,2026-08-24T21:23:00Z
pay-000897,pay_1012004,S-10120,1809559,36191,6514,2026-08-24T10:08:00Z,2026-08-24T21:23:00Z
pay-000898,pay_1012005,S-10120,459362,9187,1654,2026-08-23T17:08:00Z,2026-08-24T21:23:00Z
pay-000899,pay_1012006,S-10120,475740,9515,1713,2026-08-23T02:08:00Z,2026-08-24T21:23:00Z
pay-000900,pay_9000100,S-90001,280607,5612,1010,2026-08-01T12:23:00Z,2026-08-02T10:40:00Z
pay-000901,pay_9000101,S-90001,456673,9133,1644,2026-07-31T11:23:00Z,2026-08-02T10:40:00Z
pay-000902,pay_9000102,S-90001,1129463,22589,4066,2026-08-01T06:23:00Z,2026-08-02T10:40:00Z
pay-000903,pay_9000103,S-90001,382740,7655,1378,2026-07-31T06:23:00Z,2026-08-02T10:40:00Z
pay-000904,pay_9000200,S-90002,737620,14752,2655,2026-08-01T22:43:00Z,2026-08-03T10:13:00Z
pay-000905,pay_9000201,S-90002,401112,8022,1444,2026-08-01T23:43:00Z,2026-08-03T10:13:00Z
pay-000906,pay_9000202,S-90002,1777788,35556,6400,2026-08-01T07:43:00Z,2026-08-03T10:13:00Z
pay-000907,pay_9000203,S-90002,2245621,44912,8084,2026-08-02T00:43:00Z,2026-08-03T10:13:00Z
pay-000908,pay_9000300,S-90003,943037,18861,3395,2026-08-04T13:18:00Z,2026-08-04T23:37:00Z
pay-000909,pay_9000301,S-90003,976603,19532,3516,2026-08-04T16:18:00Z,2026-08-04T23:37:00Z
pay-000910,pay_9000302,S-90003,276643,5533,996,2026-08-04T15:18:00Z,2026-08-04T23:37:00Z
pay-000911,pay_9000303,S-90003,1755548,35111,6320,2026-08-04T05:18:00Z,2026-08-04T23:37:00Z
pay-000912,pay_9000304,S-90003,1824578,36492,6569,2026-08-03T19:18:00Z,2026-08-04T23:37:00Z
pay-000913,pay_9000305,S-90003,2392570,47851,8613,2026-08-03T13:18:00Z,2026-08-04T23:37:00Z
pay-000914,pay_9000306,S-90003,1822360,36447,6560,2026-08-03T06:18:00Z,2026-08-04T23:37:00Z
pay-000915,pay_9000307,S-90003,2045879,40918,7365,2026-08-04T18:18:00Z,2026-08-04T23:37:00Z
pay-000916,pay_9000308,S-90003,1910429,38209,6878,2026-08-04T02:18:00Z,2026-08-04T23:37:00Z
pay-000917,pay_9000400,S-90004,602144,12043,2168,2026-08-03T17:43:00Z,2026-08-05T16:31:00Z
pay-000918,pay_9000401,S-90004,2190316,43806,7885,2026-08-04T11:43:00Z,2026-08-05T16:31:00Z
pay-000919,pay_9000402,S-90004,2082231,41645,7496,2026-08-03T23:43:00Z,2026-08-05T16:31:00Z
pay-000920,pay_9000403,S-90004,1603580,32072,5773,2026-08-04T11:43:00Z,2026-08-05T16:31:00Z
pay-000921,pay_9000404,S-90004,788642,15773,2839,2026-08-03T19:43:00Z,2026-08-05T16:31:00Z
pay-000922,pay_9000500,S-90005,1561376,31228,5621,2026-08-05T11:07:00Z,2026-08-06T15:08:00Z
pay-000923,pay_9000501,S-90005,2216126,44323,7978,2026-08-06T08:07:00Z,2026-08-06T15:08:00Z
pay-000924,pay_9000502,S-90005,907224,18144,3266,2026-08-04T17:07:00Z,2026-08-06T15:08:00Z
pay-000925,pay_9000600,S-90006,1022827,20457,3682,2026-08-17T15:47:00Z,2026-08-19T02:01:00Z
pay-000926,pay_9000601,S-90006,2142942,42859,7715,2026-08-18T11:47:00Z,2026-08-19T02:01:00Z
pay-000927,pay_9000602,S-90006,51818,1036,186,2026-08-17T23:47:00Z,2026-08-19T02:01:00Z
pay-000928,pay_9000603,S-90006,2141685,42834,7710,2026-08-18T15:47:00Z,2026-08-19T02:01:00Z
pay-000929,pay_9000604,S-90006,1936011,38720,6970,2026-08-17T20:47:00Z,2026-08-19T02:01:00Z
pay-000930,pay_9000605,S-90006,1359254,27185,4893,2026-08-18T09:47:00Z,2026-08-19T02:01:00Z
pay-000931,pay_9000606,S-90006,250633,5013,902,2026-08-16T20:47:00Z,2026-08-19T02:01:00Z
pay-000932,pay_9000607,S-90006,211390,4228,761,2026-08-17T16:47:00Z,2026-08-19T02:01:00Z
pay-000933,pay_9000700,S-90007,1855128,37103,6679,2026-08-06T23:20:00Z,2026-08-09T00:25:00Z
pay-000934,pay_9000701,S-90007,1422683,28454,5122,2026-08-08T19:20:00Z,2026-08-09T00:25:00Z
pay-000935,pay_9000702,S-90007,1267995,25360,4565,2026-08-07T14:20:00Z,2026-08-09T00:25:00Z
pay-000936,pay_9000703,S-90007,2394741,47895,8621,2026-08-08T04:20:00Z,2026-08-09T00:25:00Z
pay-000937,pay_9000704,S-90007,1188745,23775,4280,2026-08-07T22:20:00Z,2026-08-09T00:25:00Z
pay-000938,pay_9000705,S-90007,2491516,49830,8969,2026-08-07T12:20:00Z,2026-08-09T00:25:00Z
pay-000939,pay_9000706,S-90007,2293542,45871,8257,2026-08-07T11:20:00Z,2026-08-09T00:25:00Z
pay-000940,pay_9000707,S-90007,2089266,41785,7521,2026-08-08T09:20:00Z,2026-08-09T00:25:00Z
pay-000941,pay_9000800,S-90008,2169901,43398,7812,2026-08-20T12:20:00Z,2026-08-20T21:08:00Z
pay-000942,pay_9000801,S-90008,1491071,29821,5368,2026-08-20T06:20:00Z,2026-08-20T21:08:00Z
pay-000943,pay_9000802,S-90008,1989872,39797,7163,2026-08-19T02:20:00Z,2026-08-20T21:08:00Z
pay-000944,pay_9000803,S-90008,116649,2333,420,2026-08-19T03:20:00Z,2026-08-20T21:08:00Z
pay-000945,pay_9000804,S-90008,272501,5450,981,2026-08-19T04:20:00Z,2026-08-20T21:08:00Z
pay-000946,pay_9000805,S-90008,1160107,23202,4176,2026-08-20T02:20:00Z,2026-08-20T21:08:00Z
pay-000947,pay_9000806,S-90008,929953,18599,3348,2026-08-19T03:20:00Z,2026-08-20T21:08:00Z
pay-000948,pay_9000807,S-90008,258368,5167,930,2026-08-19T20:20:00Z,2026-08-20T21:08:00Z
pay-000949,pay_9000808,S-90008,2415354,48307,8695,2026-08-19T14:20:00Z,2026-08-20T21:08:00Z
pay-000950,pay_9000809,S-90008,2456950,49139,8845,2026-08-20T17:20:00Z,2026-08-20T21:08:00Z
pay-000951,pay_9000900,S-90009,2165942,43319,7797,2026-08-08T18:45:00Z,2026-08-10T13:12:00Z
pay-000952,pay_9000901,S-90009,2254941,45099,8118,2026-08-09T01:45:00Z,2026-08-10T13:12:00Z
pay-000953,pay_9000902,S-90009,1191473,23829,4289,2026-08-09T14:45:00Z,2026-08-10T13:12:00Z
pay-000954,pay_9000903,S-90009,1043649,20873,3757,2026-08-10T00:45:00Z,2026-08-10T13:12:00Z
pay-000955,pay_9000904,S-90009,852300,17046,3068,2026-08-08T19:45:00Z,2026-08-10T13:12:00Z
pay-000956,pay_9000905,S-90009,1278417,25568,4602,2026-08-10T01:45:00Z,2026-08-10T13:12:00Z
pay-000957,pay_9000906,S-90009,1207520,24150,4347,2026-08-08T15:45:00Z,2026-08-10T13:12:00Z
pay-000958,pay_9000907,S-90009,653877,13078,2354,2026-08-09T16:45:00Z,2026-08-10T13:12:00Z
pay-000959,pay_9000908,S-90009,2043371,40867,7356,2026-08-09T18:45:00Z,2026-08-10T13:12:00Z
pay-000960,pay_9000909,S-90009,806448,16129,2903,2026-08-09T07:45:00Z,2026-08-10T13:12:00Z
pay-000961,pay_9000910,S-90009,772166,15443,2780,2026-08-09T13:45:00Z,2026-08-10T13:12:00Z
pay-000962,pay_9000911,S-90009,721636,14433,2598,2026-08-09T13:45:00Z,2026-08-10T13:12:00Z
pay-000963,pay_9001000,S-90010,804108,16082,2895,2026-08-10T11:35:00Z,2026-08-12T00:42:00Z
pay-000964,pay_9001001,S-90010,1658899,33178,5972,2026-08-11T16:35:00Z,2026-08-12T00:42:00Z
pay-000965,pay_9001002,S-90010,369874,7397,1331,2026-08-10T20:35:00Z,2026-08-12T00:42:00Z
pay-000966,pay_9001003,S-90010,118612,2372,427,2026-08-10T20:35:00Z,2026-08-12T00:42:00Z
pay-000967,pay_9001004,S-90010,856632,17133,3084,2026-08-11T04:35:00Z,2026-08-12T00:42:00Z
pay-000968,pay_9001005,S-90010,1100905,22018,3963,2026-08-11T07:35:00Z,2026-08-12T00:42:00Z
pay-000969,pay_9001006,S-90010,2140561,42811,7706,2026-08-10T06:35:00Z,2026-08-12T00:42:00Z
pay-000970,pay_9001007,S-90010,1832599,36652,6597,2026-08-10T10:35:00Z,2026-08-12T00:42:00Z
pay-000971,pay_9001008,S-90010,592608,11852,2133,2026-08-10T00:35:00Z,2026-08-12T00:42:00Z
pay-000972,pay_9001009,S-90010,2335604,46712,8408,2026-08-10T02:35:00Z,2026-08-12T00:42:00Z
pay-000973,pay_9001100,S-90011,1104838,22097,3977,2026-08-10T21:08:00Z,2026-08-12T09:47:00Z
pay-000974,pay_9001101,S-90011,1757520,35150,6327,2026-08-10T12:08:00Z,2026-08-12T09:47:00Z
pay-000975,pay_9001102,S-90011,368471,7369,1326,2026-08-11T01:08:00Z,2026-08-12T09:47:00Z
pay-000976,pay_9001103,S-90011,1439835,28797,5183,2026-08-11T05:08:00Z,2026-08-12T09:47:00Z
pay-000977,pay_9001104,S-90011,1284487,25690,4624,2026-08-11T16:08:00Z,2026-08-12T09:47:00Z
pay-000978,pay_9001105,S-90011,2291136,45823,8248,2026-08-12T01:08:00Z,2026-08-12T09:47:00Z
pay-000979,pay_9001106,S-90011,2125866,42517,7653,2026-08-10T10:08:00Z,2026-08-12T09:47:00Z
pay-000980,pay_9001200,S-90012,1967487,39350,7083,2026-08-12T22:33:00Z,2026-08-13T20:39:00Z
pay-000981,pay_9001201,S-90012,1071441,21429,3857,2026-08-12T18:33:00Z,2026-08-13T20:39:00Z
pay-000982,pay_9001202,S-90012,1049789,20996,3779,2026-08-11T21:33:00Z,2026-08-13T20:39:00Z
pay-000983,pay_9001203,S-90012,2162120,43242,7784,2026-08-12T06:33:00Z,2026-08-13T20:39:00Z
pay-000984,pay_9001204,S-90012,153202,3064,552,2026-08-11T21:33:00Z,2026-08-13T20:39:00Z
pay-000985,pay_9001205,S-90012,722595,14452,2601,2026-08-12T12:33:00Z,2026-08-13T20:39:00Z
pay-000986,pay_9001206,S-90012,1157805,23156,4168,2026-08-12T04:33:00Z,2026-08-13T20:39:00Z
pay-000987,pay_9001207,S-90012,237016,4740,853,2026-08-12T10:33:00Z,2026-08-13T20:39:00Z
pay-000988,pay_9001208,S-90012,428186,8564,1542,2026-08-11T17:33:00Z,2026-08-13T20:39:00Z
pay-000989,pay_9001209,S-90012,1766493,35330,6359,2026-08-12T13:33:00Z,2026-08-13T20:39:00Z
pay-000990,pay_9001210,S-90012,163090,3262,587,2026-08-12T14:33:00Z,2026-08-13T20:39:00Z
pay-000991,pay_9001300,S-90013,593770,11875,2138,2026-08-13T01:48:00Z,2026-08-13T17:18:00Z
pay-000992,pay_9001301,S-90013,386120,7722,1390,2026-08-12T04:48:00Z,2026-08-13T17:18:00Z
pay-000993,pay_9001302,S-90013,1912823,38256,6886,2026-08-12T12:48:00Z,2026-08-13T17:18:00Z
pay-000994,pay_9001303,S-90013,615589,12312,2216,2026-08-12T20:48:00Z,2026-08-13T17:18:00Z
pay-000995,pay_9001304,S-90013,1785603,35712,6428,2026-08-11T18:48:00Z,2026-08-13T17:18:00Z
pay-000996,pay_9001305,S-90013,1605953,32119,5781,2026-08-11T20:48:00Z,2026-08-13T17:18:00Z
pay-000997,pay_9001306,S-90013,1370730,27415,4935,2026-08-13T09:48:00Z,2026-08-13T17:18:00Z
pay-000998,pay_9001307,S-90013,1984231,39685,7143,2026-08-12T04:48:00Z,2026-08-13T17:18:00Z
pay-000999,pay_9001308,S-90013,1311271,26225,4720,2026-08-13T08:48:00Z,2026-08-13T17:18:00Z
pay-001000,pay_9001309,S-90013,1052204,21044,3788,2026-08-13T02:48:00Z,2026-08-13T17:18:00Z
pay-001001,pay_9001310,S-90013,1420114,28402,5112,2026-08-12T00:48:00Z,2026-08-13T17:18:00Z
pay-001002,pay_9001311,S-90013,1834316,36686,6603,2026-08-11T14:48:00Z,2026-08-13T17:18:00Z
pay-001003,pay_9001400,S-90014,2072318,41446,7460,2026-08-14T11:03:00Z,2026-08-16T01:33:00Z
pay-001004,pay_9001401,S-90014,477097,9542,1718,2026-08-14T06:03:00Z,2026-08-16T01:33:00Z
pay-001005,pay_9001402,S-90014,820664,16413,2954,2026-08-14T06:03:00Z,2026-08-16T01:33:00Z
pay-001006,pay_9001403,S-90014,1555276,31106,5599,2026-08-15T07:03:00Z,2026-08-16T01:33:00Z
pay-001007,pay_9001500,S-90015,1923482,38470,6925,2026-08-16T03:00:00Z,2026-08-16T19:36:00Z
pay-001008,pay_9001501,S-90015,987981,19760,3557,2026-08-15T19:00:00Z,2026-08-16T19:36:00Z
pay-001009,pay_9001502,S-90015,1391744,27835,5010,2026-08-15T22:00:00Z,2026-08-16T19:36:00Z
pay-001010,pay_9001503,S-90015,1372086,27442,4940,2026-08-15T19:00:00Z,2026-08-16T19:36:00Z
pay-001011,pay_9001504,S-90015,1385240,27705,4987,2026-08-16T03:00:00Z,2026-08-16T19:36:00Z
pay-001012,pay_9001505,S-90015,805104,16102,2898,2026-08-16T14:00:00Z,2026-08-16T19:36:00Z
pay-001013,pay_9001506,S-90015,1893713,37874,6817,2026-08-14T17:00:00Z,2026-08-16T19:36:00Z
pay-001014,pay_9001507,S-90015,1500849,30017,5403,2026-08-16T06:00:00Z,2026-08-16T19:36:00Z
pay-001015,pay_9001508,S-90015,1498831,29977,5396,2026-08-15T14:00:00Z,2026-08-16T19:36:00Z
pay-001016,pay_9001600,S-90016,670041,13401,2412,2026-08-02T08:51:00Z,2026-08-03T12:11:00Z
pay-001017,pay_9001601,S-90016,1819835,36397,6551,2026-08-03T06:51:00Z,2026-08-03T12:11:00Z
pay-001018,pay_9001602,S-90016,916062,18321,3298,2026-08-03T06:51:00Z,2026-08-03T12:11:00Z
pay-001019,pay_9001603,S-90016,849320,16986,3057,2026-08-01T11:51:00Z,2026-08-03T12:11:00Z
pay-001020,pay_9001604,S-90016,185504,3710,668,2026-08-02T10:51:00Z,2026-08-03T12:11:00Z
pay-001021,pay_9001605,S-90016,168108,3362,605,2026-08-01T15:51:00Z,2026-08-03T12:11:00Z
pay-001022,pay_9001700,S-90017,1444595,28892,5201,2026-08-18T01:52:00Z,2026-08-18T17:22:00Z
pay-001023,pay_9001701,S-90017,1542886,30858,5554,2026-08-17T20:52:00Z,2026-08-18T17:22:00Z
pay-001024,pay_9001702,S-90017,2243639,44873,8077,2026-08-18T01:52:00Z,2026-08-18T17:22:00Z
pay-001025,pay_9001703,S-90017,2154863,43097,7757,2026-08-16T12:52:00Z,2026-08-18T17:22:00Z
pay-001026,pay_9001704,S-90017,1018435,20369,3666,2026-08-17T21:52:00Z,2026-08-18T17:22:00Z
pay-001027,pay_9001705,S-90017,2234682,44694,8045,2026-08-18T02:52:00Z,2026-08-18T17:22:00Z
pay-001028,pay_9001800,S-90018,2145759,42915,7725,2026-08-19T13:01:00Z,2026-08-19T23:55:00Z
pay-001029,pay_9001801,S-90018,1440777,28816,5187,2026-08-19T00:01:00Z,2026-08-19T23:55:00Z
pay-001030,pay_9001802,S-90018,430855,8617,1551,2026-08-19T18:01:00Z,2026-08-19T23:55:00Z
pay-001031,pay_9001803,S-90018,1558683,31174,5611,2026-08-19T18:01:00Z,2026-08-19T23:55:00Z
pay-001032,pay_9001804,S-90018,370280,7406,1333,2026-08-18T00:01:00Z,2026-08-19T23:55:00Z
pay-001033,pay_9001805,S-90018,968672,19373,3487,2026-08-19T15:01:00Z,2026-08-19T23:55:00Z
pay-001034,pay_9001806,S-90018,568912,11378,2048,2026-08-18T11:01:00Z,2026-08-19T23:55:00Z
pay-001035,pay_9001807,S-90018,562658,11253,2026,2026-08-18T07:01:00Z,2026-08-19T23:55:00Z
pay-001036,pay_9001808,S-90018,2202320,44046,7928,2026-08-17T23:01:00Z,2026-08-19T23:55:00Z
pay-001037,pay_9001809,S-90018,953295,19066,3432,2026-08-18T15:01:00Z,2026-08-19T23:55:00Z
pay-001038,pay_9001810,S-90018,1603876,32078,5774,2026-08-18T23:01:00Z,2026-08-19T23:55:00Z
pay-001039,pay_9001811,S-90018,665744,13315,2397,2026-08-18T21:01:00Z,2026-08-19T23:55:00Z
pay-001040,pay_9001900,S-90019,2061294,41226,7421,2026-08-05T02:44:00Z,2026-08-06T20:17:00Z
pay-001041,pay_9001901,S-90019,784129,15683,2823,2026-08-06T11:44:00Z,2026-08-06T20:17:00Z
pay-001042,pay_9001902,S-90019,2226792,44536,8016,2026-08-06T07:44:00Z,2026-08-06T20:17:00Z
pay-001043,pay_9001903,S-90019,1121065,22421,4036,2026-08-05T14:44:00Z,2026-08-06T20:17:00Z
pay-001044,pay_9002000,S-90020,102815,2056,370,2026-08-20T11:28:00Z,2026-08-21T00:55:00Z
pay-001045,pay_9002001,S-90020,1368944,27379,4928,2026-08-19T05:28:00Z,2026-08-21T00:55:00Z
pay-001046,pay_9002002,S-90020,1928408,38568,6942,2026-08-19T03:28:00Z,2026-08-21T00:55:00Z
pay-001047,pay_9002003,S-90020,2305560,46111,8300,2026-08-19T02:28:00Z,2026-08-21T00:55:00Z
pay-001048,pay_9002004,S-90020,779720,15594,2807,2026-08-18T19:28:00Z,2026-08-21T00:55:00Z
pay-001049,pay_9002005,S-90020,1891740,37835,6810,2026-08-20T05:28:00Z,2026-08-21T00:55:00Z
pay-001050,pay_9002006,S-90020,2319154,46383,8349,2026-08-19T01:28:00Z,2026-08-21T00:55:00Z
pay-001051,pay_9002007,S-90020,2028573,40571,7303,2026-08-19T18:28:00Z,2026-08-21T00:55:00Z
pay-001052,pay_9002008,S-90020,727990,14560,2621,2026-08-20T13:28:00Z,2026-08-21T00:55:00Z
pay-001053,pay_9002009,S-90020,2015477,40310,7256,2026-08-19T07:28:00Z,2026-08-21T00:55:00Z
pay-001054,pay_9002010,S-90020,366038,7321,1318,2026-08-18T22:28:00Z,2026-08-21T00:55:00Z
pay-001055,pay_9002011,S-90020,1215107,24302,4374,2026-08-18T23:28:00Z,2026-08-21T00:55:00Z
pay-001056,pay_9002100,S-90021,1459337,29187,5254,2026-08-20T11:30:00Z,2026-08-22T11:11:00Z
pay-001057,pay_9002101,S-90021,1781645,35633,6414,2026-08-20T22:30:00Z,2026-08-22T11:11:00Z
pay-001058,pay_9002102,S-90021,1932237,38645,6956,2026-08-21T02:30:00Z,2026-08-22T11:11:00Z
pay-001059,pay_9002103,S-90021,298814,5976,1076,2026-08-20T18:30:00Z,2026-08-22T11:11:00Z
pay-001060,pay_9002104,S-90021,730392,14608,2629,2026-08-20T23:30:00Z,2026-08-22T11:11:00Z
pay-001061,pay_9002105,S-90021,518517,10370,1867,2026-08-20T19:30:00Z,2026-08-22T11:11:00Z
pay-001062,pay_9002106,S-90021,307677,6154,1108,2026-08-22T04:30:00Z,2026-08-22T11:11:00Z
pay-001063,pay_9002200,S-90022,573031,11461,2063,2026-08-02T08:22:00Z,2026-08-02T20:06:00Z
pay-001064,pay_9002201,S-90022,1169540,23391,4210,2026-08-02T14:22:00Z,2026-08-02T20:06:00Z
pay-001065,pay_9002202,S-90022,2096903,41938,7549,2026-08-02T11:22:00Z,2026-08-02T20:06:00Z
pay-001066,pay_9002203,S-90022,1359924,27198,4896,2026-08-02T15:22:00Z,2026-08-02T20:06:00Z
pay-001067,pay_9002204,S-90022,1099256,21985,3957,2026-08-01T13:22:00Z,2026-08-02T20:06:00Z
pay-001068,pay_9002205,S-90022,1360762,27215,4899,2026-07-31T22:22:00Z,2026-08-02T20:06:00Z
pay-001069,pay_9002206,S-90022,344766,6895,1241,2026-08-01T19:22:00Z,2026-08-02T20:06:00Z
pay-001070,pay_9002300,S-90023,465116,9302,1674,2026-08-23T03:21:00Z,2026-08-24T17:42:00Z
pay-001071,pay_9002301,S-90023,872217,17444,3140,2026-08-23T01:21:00Z,2026-08-24T17:42:00Z
pay-001072,pay_9002302,S-90023,2190089,43802,7884,2026-08-23T22:21:00Z,2026-08-24T17:42:00Z
pay-001073,pay_9002303,S-90023,584153,11683,2103,2026-08-24T06:21:00Z,2026-08-24T17:42:00Z
pay-001074,pay_9002304,S-90023,77532,1551,279,2026-08-24T06:21:00Z,2026-08-24T17:42:00Z
pay-001075,pay_9002305,S-90023,1804006,36080,6494,2026-08-22T13:21:00Z,2026-08-24T17:42:00Z
pay-001076,pay_9002306,S-90023,856604,17132,3084,2026-08-24T04:21:00Z,2026-08-24T17:42:00Z
pay-001077,pay_9002307,S-90023,381400,7628,1373,2026-08-23T22:21:00Z,2026-08-24T17:42:00Z
pay-001078,pay_9002308,S-90023,1153317,23066,4152,2026-08-23T13:21:00Z,2026-08-24T17:42:00Z
pay-001079,pay_9002309,S-90023,363572,7271,1309,2026-08-22T13:21:00Z,2026-08-24T17:42:00Z
pay-001080,pay_9002400,S-90024,363992,7280,1310,2026-08-02T02:22:00Z,2026-08-02T18:38:00Z
pay-001081,pay_9002401,S-90024,856069,17121,3082,2026-08-02T00:22:00Z,2026-08-02T18:38:00Z
pay-001082,pay_9002402,S-90024,1055079,21102,3798,2026-08-01T00:22:00Z,2026-08-02T18:38:00Z
pay-001083,pay_9002403,S-90024,1333223,26664,4800,2026-08-02T06:22:00Z,2026-08-02T18:38:00Z
pay-001084,pay_9002404,S-90024,773781,15476,2786,2026-08-02T06:22:00Z,2026-08-02T18:38:00Z
pay-001085,pay_9002405,S-90024,549070,10981,1977,2026-08-01T00:22:00Z,2026-08-02T18:38:00Z
pay-001086,pay_9002406,S-90024,246050,4921,886,2026-08-01T23:22:00Z,2026-08-02T18:38:00Z
pay-001087,pay_9002407,S-90024,1065951,21319,3837,2026-08-01T13:22:00Z,2026-08-02T18:38:00Z
pay-001088,pay_9002408,S-90024,901058,18021,3244,2026-08-02T03:22:00Z,2026-08-02T18:38:00Z
pay-001089,pay_9002409,S-90024,61970,1239,223,2026-08-02T11:22:00Z,2026-08-02T18:38:00Z
pay-001090,pay_9002500,S-90025,2187325,43746,7874,2026-08-02T10:04:00Z,2026-08-03T22:37:00Z
pay-001091,pay_9002501,S-90025,545650,10913,1964,2026-08-01T22:04:00Z,2026-08-03T22:37:00Z
pay-001092,pay_9002502,S-90025,409944,8199,1476,2026-08-03T15:04:00Z,2026-08-03T22:37:00Z
pay-001093,pay_9002503,S-90025,1060391,21208,3817,2026-08-02T20:04:00Z,2026-08-03T22:37:00Z
pay-001094,pay_9002600,S-90026,848733,16975,3056,2026-08-03T15:02:00Z,2026-08-04T05:39:00Z
pay-001095,pay_9002601,S-90026,399415,7988,1438,2026-08-03T11:02:00Z,2026-08-04T05:39:00Z
pay-001096,pay_9002602,S-90026,927566,18551,3339,2026-08-03T11:02:00Z,2026-08-04T05:39:00Z
pay-001097,pay_9002700,S-90027,1128022,22560,4061,2026-08-05T06:48:00Z,2026-08-05T12:43:00Z
pay-001098,pay_9002701,S-90027,726589,14532,2616,2026-08-04T08:48:00Z,2026-08-05T12:43:00Z
pay-001099,pay_9002702,S-90027,1296372,25927,4667,2026-08-03T14:48:00Z,2026-08-05T12:43:00Z
pay-001100,pay_9002703,S-90027,573542,11471,2065,2026-08-04T07:48:00Z,2026-08-05T12:43:00Z
pay-001101,pay_9002800,S-90028,876031,17521,3154,2026-08-05T17:23:00Z,2026-08-06T16:41:00Z
pay-001102,pay_9002801,S-90028,2390880,47818,8607,2026-08-04T17:23:00Z,2026-08-06T16:41:00Z
pay-001103,pay_9002802,S-90028,1534957,30699,5526,2026-08-05T11:23:00Z,2026-08-06T16:41:00Z
pay-001104,pay_9002803,S-90028,1523877,30478,5486,2026-08-06T00:23:00Z,2026-08-06T16:41:00Z
pay-001105,pay_9002804,S-90028,265110,5302,954,2026-08-06T09:23:00Z,2026-08-06T16:41:00Z
pay-001106,pay_9002805,S-90028,2419786,48396,8711,2026-08-05T06:23:00Z,2026-08-06T16:41:00Z
pay-001107,pay_9002806,S-90028,541551,10831,1950,2026-08-05T17:23:00Z,2026-08-06T16:41:00Z
pay-001108,pay_9002807,S-90028,2151941,43039,7747,2026-08-06T01:23:00Z,2026-08-06T16:41:00Z
pay-001109,pay_9002808,S-90028,855921,17118,3081,2026-08-05T04:23:00Z,2026-08-06T16:41:00Z
pay-001110,pay_9002809,S-90028,1396249,27925,5026,2026-08-05T09:23:00Z,2026-08-06T16:41:00Z
pay-001111,pay_9002900,S-90029,2107340,42147,7586,2026-08-06T18:27:00Z,2026-08-07T13:34:00Z
pay-001112,pay_9002901,S-90029,1885336,37707,6787,2026-08-07T05:27:00Z,2026-08-07T13:34:00Z
pay-001113,pay_9002902,S-90029,636810,12736,2292,2026-08-06T10:27:00Z,2026-08-07T13:34:00Z
pay-001114,pay_9002903,S-90029,126387,2528,455,2026-08-05T20:27:00Z,2026-08-07T13:34:00Z
pay-001115,pay_9002904,S-90029,2233531,44671,8041,2026-08-06T23:27:00Z,2026-08-07T13:34:00Z
pay-001116,pay_9002905,S-90029,1079336,21587,3886,2026-08-06T11:27:00Z,2026-08-07T13:34:00Z
pay-001117,pay_9002906,S-90029,1924291,38486,6927,2026-08-05T17:27:00Z,2026-08-07T13:34:00Z
pay-001118,pay_9003000,S-90030,2110854,42217,7599,2026-08-17T02:21:00Z,2026-08-18T17:46:00Z
pay-001119,pay_9003001,S-90030,1927076,38542,6938,2026-08-17T21:21:00Z,2026-08-18T17:46:00Z
pay-001120,pay_9003002,S-90030,1376502,27530,4955,2026-08-17T18:21:00Z,2026-08-18T17:46:00Z
